INFO:    User not listed in /etc/subuid, trying root-mapped namespace
INFO:    The %post section will be run under the fakeroot command
INFO:    Starting build...
INFO:    Fetching OCI image...
INFO:    Extracting OCI image...
INFO:    Inserting Apptainer configuration...
INFO:    Copying fibertools.yaml to /opt/conda/fibertools.yaml
INFO:    Running post scriptlet
+ /bin/bash
warning  libmamba 'repo.anaconda.com', a commercial channel hosted by Anaconda.com, is used.
    
warning  libmamba Please make sure you understand Anaconda Terms of Services.
    
warning  libmamba See: https://legal.anaconda.com/policies/en/
⚠ Shard Index for pkgs/main/linux-64 not available, falling back to flat repodata
Using Flat Repodata for pkgs/main/linux-64                                                      ✔ Starting
Using Flat Repodata for pkgs/main/linux-64                                                ✔ Done (0.9 sec)
⚠ Shard Index for pkgs/main/noarch not available, falling back to flat repodata
Using Flat Repodata for pkgs/main/noarch                                                        ✔ Starting
Using Flat Repodata for pkgs/main/noarch                                                  ✔ Done (0.1 sec)
⚠ Shard Index for pkgs/r/linux-64 not available, falling back to flat repodata
Using Flat Repodata for pkgs/r/linux-64                                                         ✔ Starting
Using Flat Repodata for pkgs/r/linux-64                                                   ✔ Done (0.1 sec)
⚠ Shard Index for pkgs/r/noarch not available, falling back to flat repodata
Using Flat Repodata for pkgs/r/noarch                                                           ✔ Starting
Using Flat Repodata for pkgs/r/noarch                                                     ✔ Done (0.1 sec)
Fetch Shard Index for conda-forge/linux-64                                                      ⧖ Starting
Fetch Shard Index for conda-forge/linux-64                                                ✔ Done (0.5 sec)
Fetch Shard Index for conda-forge/noarch                                                        ⧖ Starting
Fetch Shard Index for conda-forge/noarch                                                  ✔ Done (0.5 sec)
Fetching and Parsing Packages' Shards                                                           ⧖ Starting
Fetching and Parsing Packages' Shards                                                     ✔ Done (5.8 sec)
Fetch Shard Index for bioconda/linux-64                                                         ⧖ Starting
Fetch Shard Index for bioconda/linux-64                                                   ✔ Done (0.4 sec)
Fetch Shard Index for bioconda/noarch                                                           ⧖ Starting
Fetch Shard Index for bioconda/noarch                                                     ✔ Done (0.4 sec)
Fetching and Parsing Packages' Shards                                                           ⧖ Starting
Fetching and Parsing Packages' Shards                                                     ✔ Done (0.8 sec)
Using Cached Shard Index for bioconda/noarch                                                        ✔ Done
Using Cached Shard Index for bioconda/linux-64                                                      ✔ Done
Fetching and Parsing Packages' Shards                                                           ⧖ Starting
Fetching and Parsing Packages' Shards                                                     ✔ Done (0.0 sec)
Using Flat Repodata for bioconda/noarch                                                         ✔ Starting
Using Flat Repodata for bioconda/noarch                                                   ✔ Done (0.7 sec)
Using Cached Shard Index for conda-forge/linux-64                                                   ✔ Done
Using Cached Shard Index for conda-forge/noarch                                                     ✔ Done
Fetching and Parsing Packages' Shards                                                           ⧖ Starting
Fetching and Parsing Packages' Shards                                                     ✔ Done (1.5 sec)
Using Cached Shard Index for bioconda/linux-64                                                      ✔ Done
Using Cached Shard Index for bioconda/noarch                                                        ✔ Done
Fetching and Parsing Packages' Shards                                                           ⧖ Starting
Fetching and Parsing Packages' Shards                                                     ✔ Done (0.0 sec)
Using Cached Shard Index for bioconda/noarch                                                        ✔ Done
Using Cached Shard Index for bioconda/linux-64                                                      ✔ Done
Fetching and Parsing Packages' Shards                                                           ⧖ Starting
Fetching and Parsing Packages' Shards                                                     ✔ Done (0.0 sec)
Using Flat Repodata for bioconda/noarch                                                         ✔ Starting
Using Flat Repodata for bioconda/noarch                                                   ✔ Done (0.7 sec)
Parsing Packages' Records                                                                ✔ Done (14.2 sec)

Resolving Environment                                                                           ⧖ Starting
Resolving Environment                                                                     ✔ Done (0.4 sec)

Transaction

  Prefix: /opt/conda/envs/fibertools

  Updating specs:

   - rust>=1.75
   - gcc_linux-64>=12
   - gxx_linux-64>=12
   - python>=3.10
   - pip
   - samtools>=1.18
   - pbmm2>=2.0.0


  Package                                   Version  Build                 Channel          Size
──────────────────────────────────────────────────────────────────────────────────────────────────
  Install:
──────────────────────────────────────────────────────────────────────────────────────────────────

  + _openmp_mutex                               4.5  20_gnu                conda-forge      29kB
  + binutils_impl_linux-64                   2.46.1  default_hfdba357_102  conda-forge       4MB
  + binutils_linux-64                        2.46.1  default_h4852527_102  conda-forge      36kB
  + bzip2                                     1.0.8  hda65f42_10           conda-forge     258kB
  + c-ares                                   1.34.8  hebe6cf0_2            conda-forge     229kB
  + ca-certificates                       2026.7.22  hbd8a1cb_0            conda-forge     132kB
  + gcc_impl_linux-64                        16.2.0  hfe51025_5            conda-forge      86MB
  + gcc_linux-64                             16.2.0  h0ab548f_2            conda-forge      30kB
  + gxx_impl_linux-64                        16.2.0  h0d273dc_5            conda-forge      18MB
  + gxx_linux-64                             16.2.0  h23aca61_2            conda-forge      29kB
  + htslib                                     1.24  ha79157c_0            bioconda          1MB
  + icu                                        78.3  py310h44b86e0_2       conda-forge      14MB
  + kernel-headers_linux-64                  6.12.0  he073ed8_6            conda-forge       2MB
  + keyutils                                  1.6.3  h7cc23a3_1            conda-forge     135kB
  + krb5                                     1.22.2  hbc21106_2            conda-forge       1MB
  + ld_impl_linux-64                         2.46.1  default_hbd61a6d_102  conda-forge     745kB
  + libcurl                                  8.22.0  ha042cf0_0            conda-forge     500kB
  + libdeflate                                 1.26  h351257e_0            conda-forge      74kB
  + libedit                            3.1.20250104  pl5321h373387f_1      conda-forge     135kB
  + libev                                      4.33  h280c20c_3            conda-forge      43kB
  + libexpat                                  2.8.1  hecca717_1            conda-forge      78kB
  + libffi                                    3.7.0  h81df57d_1            conda-forge      68kB
  + libgcc                                   16.2.0  ha9f2e26_5            conda-forge       1MB
  + libgcc-devel_linux-64                    16.2.0  he3ce08f_105          conda-forge       3MB
  + libgomp                                  16.2.0  he0feb66_5            conda-forge     642kB
  + liblzma                                   5.8.3  hb03c661_1            conda-forge     113kB
  + libmpdec                                  4.0.0  hb03c661_2            conda-forge      93kB
  + libnghttp2                               1.68.1  h74cf4be_1            conda-forge     650kB
  + libpsl                                   0.23.1  hd9e3e90_1            conda-forge      73kB
  + libpython                                3.14.7  hdc7f604_106_cp314    conda-forge      11MB
  + libsanitizer                             16.2.0  h3048135_5            conda-forge       8MB
  + libsqlite                                3.53.4  h13e7031_1            conda-forge     974kB
  + libssh2                                  1.11.1  h6154650_1            conda-forge     306kB
  + libstdcxx                                16.2.0  h934c35e_5            conda-forge       7MB
  + libstdcxx-devel_linux-64                 16.2.0  h86e191b_105          conda-forge      22MB
  + libuuid                                  2.42.3  hcfc3c73_0            conda-forge      40kB
  + libzlib                                   1.3.2  h25fd6f3_3            conda-forge      64kB
  + ncurses                                     6.6  hdb14827_1            conda-forge     911kB
  + openssl                                   3.6.4  h781a0a9_0            conda-forge       3MB
  + pbmm2                                   26.2.99  h9ee0642_0            bioconda          2MB
  + pip                                      26.2.1  pyh145f28c_0          conda-forge       1MB
  + python                                   3.14.7  hcd007b5_106_cp314    conda-forge      26MB
  + python_abi                                 3.14  9_cp314               conda-forge       7kB
  + readline                                    8.3  hd6e31c0_1            conda-forge     349kB
  + rust                                     1.98.1  hc89c8c8_2            conda-forge     173MB
  + rust-std-x86_64-unknown-linux-gnu        1.98.1  h2c6d0dc_2            conda-forge      37MB
  + samtools                                   1.24  h9dcdb79_1            bioconda        504kB
  + sysroot_linux-64                           2.39  hc4b9eeb_6            conda-forge      42MB
  + tk                                       8.6.13  noxft_h1df4ec4_4      conda-forge       4MB
  + tzdata                                    2026c  h151e31d_0            conda-forge     119kB
  + zstd                                      1.5.7  hb78ec9c_7            conda-forge     601kB

  Summary:

  Install: 51 packages

  Total download: 475MB

──────────────────────────────────────────────────────────────────────────────────────────────────


warning  libmamba Security Warning: This transaction includes executing package scripts (pre/post-link/unlink) if present. These scripts can contain arbitrary code. Please ensure you trust the package sources.
Confirm changes: [Y/n] 
Transaction starting
Linking pbmm2-26.2.99-h9ee0642_0
Linking rust-std-x86_64-unknown-linux-gnu-1.98.1-h2c6d0dc_2
Linking libstdcxx-devel_linux-64-16.2.0-h86e191b_105
Linking libgcc-devel_linux-64-16.2.0-he3ce08f_105
Linking kernel-headers_linux-64-6.12.0-he073ed8_6
Linking ca-certificates-2026.7.22-hbd8a1cb_0
Linking python_abi-3.14-9_cp314
Linking tzdata-2026c-h151e31d_0
Linking sysroot_linux-64-2.39-hc4b9eeb_6
Linking libzlib-1.3.2-h25fd6f3_3
Linking libgomp-16.2.0-he0feb66_5
Linking zstd-1.5.7-hb78ec9c_7
Linking _openmp_mutex-4.5-20_gnu
Linking ld_impl_linux-64-2.46.1-default_hbd61a6d_102
Linking libgcc-16.2.0-ha9f2e26_5
Linking binutils_impl_linux-64-2.46.1-default_hfdba357_102
Linking c-ares-1.34.8-hebe6cf0_2
Linking libev-4.33-h280c20c_3
Linking keyutils-1.6.3-h7cc23a3_1
Linking libffi-3.7.0-h81df57d_1
Linking tk-8.6.13-noxft_h1df4ec4_4
Linking libmpdec-4.0.0-hb03c661_2
Linking libexpat-2.8.1-hecca717_1
Linking ncurses-6.6-hdb14827_1
Linking libdeflate-1.26-h351257e_0
Linking liblzma-5.8.3-hb03c661_1
Linking openssl-3.6.4-h781a0a9_0
Linking libstdcxx-16.2.0-h934c35e_5
Linking bzip2-1.0.8-hda65f42_10
Linking libuuid-2.42.3-hcfc3c73_0
Linking binutils_linux-64-2.46.1-default_h4852527_102
Linking libedit-3.1.20250104-pl5321h373387f_1
Linking readline-8.3-hd6e31c0_1
Linking libssh2-1.11.1-h6154650_1
Linking icu-78.3-py310h44b86e0_2
Linking libnghttp2-1.68.1-h74cf4be_1
Linking libsanitizer-16.2.0-h3048135_5
Linking libpython-3.14.7-hdc7f604_106_cp314
Linking krb5-1.22.2-hbc21106_2
Linking libsqlite-3.53.4-h13e7031_1
Linking libpsl-0.23.1-hd9e3e90_1
Linking gcc_impl_linux-64-16.2.0-hfe51025_5
Linking python-3.14.7-hcd007b5_106_cp314
Linking libcurl-8.22.0-ha042cf0_0
Linking gxx_impl_linux-64-16.2.0-h0d273dc_5
Linking rust-1.98.1-hc89c8c8_2
Linking gcc_linux-64-16.2.0-h0ab548f_2
Linking gxx_linux-64-16.2.0-h23aca61_2
Linking pip-26.2.1-pyh145f28c_0
Linking htslib-1.24-ha79157c_0
Linking samtools-1.24-h9dcdb79_1

Transaction finished


To activate this environment, use:

    micromamba activate fibertools

Or to execute a single command in this environment, use:

    micromamba run -n fibertools mycommand

Collect information..
Cleaning index cache..
Cleaning lock files..
  Package file                                                  Size
──────────────────────────────────────────────────────────────────────
  /opt/conda/pkgs
──────────────────────────────────────────────────────────────────────

  _openmp_mutex-4.5-20_gnu.conda                                29kB
  binutils_impl_linux-64-2.46.1-default_hfdba357_102.conda       4MB
  binutils_linux-64-2.46.1-default_h4852527_102.conda           36kB
  bzip2-1.0.8-hda65f42_10.conda                                258kB
  c-ares-1.34.8-hebe6cf0_2.conda                               229kB
  ca-certificates-2026.7.22-hbd8a1cb_0.conda                   132kB
  gcc_impl_linux-64-16.2.0-hfe51025_5.conda                     86MB
  gcc_linux-64-16.2.0-h0ab548f_2.conda                          30kB
  gxx_impl_linux-64-16.2.0-h0d273dc_5.conda                     18MB
  gxx_linux-64-16.2.0-h23aca61_2.conda                          29kB
  htslib-1.24-ha79157c_0.conda                                   1MB
  icu-78.3-py310h44b86e0_2.conda                                14MB
  kernel-headers_linux-64-6.12.0-he073ed8_6.conda                2MB
  keyutils-1.6.3-h7cc23a3_1.conda                              135kB
  krb5-1.22.2-hbc21106_2.conda                                   1MB
  ld_impl_linux-64-2.46.1-default_hbd61a6d_102.conda           745kB
  libcurl-8.22.0-ha042cf0_0.conda                              500kB
  libdeflate-1.26-h351257e_0.conda                              74kB
  libedit-3.1.20250104-pl5321h373387f_1.conda                  135kB
  libev-4.33-h280c20c_3.conda                                   43kB
  libexpat-2.8.1-hecca717_1.conda                               78kB
  libffi-3.7.0-h81df57d_1.conda                                 68kB
  libgcc-16.2.0-ha9f2e26_5.conda                                 1MB
  libgcc-devel_linux-64-16.2.0-he3ce08f_105.conda                3MB
  libgomp-16.2.0-he0feb66_5.conda                              642kB
  liblzma-5.8.3-hb03c661_1.conda                               113kB
  libmpdec-4.0.0-hb03c661_2.conda                               93kB
  libnghttp2-1.68.1-h74cf4be_1.conda                           650kB
  libpsl-0.23.1-hd9e3e90_1.conda                                73kB
  libpython-3.14.7-hdc7f604_106_cp314.conda                     11MB
  libsanitizer-16.2.0-h3048135_5.conda                           8MB
  libsqlite-3.53.4-h13e7031_1.conda                            974kB
  libssh2-1.11.1-h6154650_1.conda                              306kB
  libstdcxx-16.2.0-h934c35e_5.conda                              7MB
  libstdcxx-devel_linux-64-16.2.0-h86e191b_105.conda            22MB
  libuuid-2.42.3-hcfc3c73_0.conda                               40kB
  libzlib-1.3.2-h25fd6f3_3.conda                                64kB
  ncurses-6.6-hdb14827_1.conda                                 911kB
  openssl-3.6.4-h781a0a9_0.conda                                 3MB
  pbmm2-26.2.99-h9ee0642_0.conda                                 2MB
  pip-26.2.1-pyh145f28c_0.conda                                  1MB
  python-3.14.7-hcd007b5_106_cp314.conda                        26MB
  python_abi-3.14-9_cp314.conda                                  7kB
  readline-8.3-hd6e31c0_1.conda                                349kB
  rust-1.98.1-hc89c8c8_2.conda                                 173MB
  rust-std-x86_64-unknown-linux-gnu-1.98.1-h2c6d0dc_2.conda     37MB
  samtools-1.24-h9dcdb79_1.conda                               504kB
  sysroot_linux-64-2.39-hc4b9eeb_6.conda                        42MB
  tk-8.6.13-noxft_h1df4ec4_4.conda                               4MB
  tzdata-2026c-h151e31d_0.conda                                119kB
  zstd-1.5.7-hb78ec9c_7.conda                                  601kB

  /root/.mamba/pkgs
──────────────────────────────────────────────────────────────────────


  
──────────────────────────────────────────────────────────────────────

  Total size:                                                  475MB
Cleaning tarballs..
Cleaning packages..
Looking in indexes: https://download.pytorch.org/whl/cpu
Collecting torch==2.9.0
  Downloading torch-2.9.0%2Bcpu-cp314-cp314-manylinux_2_28_x86_64.whl.metadata (29 kB)
Collecting filelock (from torch==2.9.0)
  Downloading filelock-3.32.3-py3-none-any.whl.metadata (2.0 kB)
Collecting typing-extensions>=4.10.0 (from torch==2.9.0)
  Downloading typing_extensions-4.16.0-py3-none-any.whl.metadata (3.3 kB)
Collecting setuptools (from torch==2.9.0)
  Downloading setuptools-78.1.0-py3-none-any.whl.metadata (6.6 kB)
Collecting sympy>=1.13.3 (from torch==2.9.0)
  Downloading sympy-1.14.0-py3-none-any.whl.metadata (12 kB)
Collecting networkx>=2.5.1 (from torch==2.9.0)
  Downloading networkx-3.6.1-py3-none-any.whl.metadata (6.8 kB)
Collecting jinja2 (from torch==2.9.0)
  Downloading jinja2-3.1.6-py3-none-any.whl.metadata (2.9 kB)
Collecting fsspec>=0.8.5 (from torch==2.9.0)
  Downloading fsspec-2026.7.0-py3-none-any.whl.metadata (10 kB)
Collecting mpmath<1.4,>=1.1.0 (from sympy>=1.13.3->torch==2.9.0)
  Downloading mpmath-1.3.0-py3-none-any.whl.metadata (8.6 kB)
Collecting MarkupSafe>=2.0 (from jinja2->torch==2.9.0)
  Downloading markupsafe-3.0.3-cp314-cp314-manylinux2014_x86_64.manylinux_2_17_x86_64.manylinux_2_28_x86_64.whl.metadata (2.7 kB)
Downloading torch-2.9.0%2Bcpu-cp314-cp314-manylinux_2_28_x86_64.whl (184.4 MB)
   ━━━━━━━━━━━━━━━━━━━━━━━━━━━━━━━━━━━━━━━━ 184.4/184.4 MB 50.0 MB/s  0:00:03
Downloading fsspec-2026.7.0-py3-none-any.whl (206 kB)
Downloading networkx-3.6.1-py3-none-any.whl (2.1 MB)
   ━━━━━━━━━━━━━━━━━━━━━━━━━━━━━━━━━━━━━━━━ 2.1/2.1 MB 1.1 MB/s  0:00:02
Downloading sympy-1.14.0-py3-none-any.whl (6.3 MB)
   ━━━━━━━━━━━━━━━━━━━━━━━━━━━━━━━━━━━━━━━━ 6.3/6.3 MB 3.0 MB/s  0:00:02
Downloading mpmath-1.3.0-py3-none-any.whl (536 kB)
   ━━━━━━━━━━━━━━━━━━━━━━━━━━━━━━━━━━━━━━━━ 536.2/536.2 kB 4.5 MB/s  0:00:00
Downloading typing_extensions-4.16.0-py3-none-any.whl (45 kB)
Downloading filelock-3.32.3-py3-none-any.whl (98 kB)
Downloading jinja2-3.1.6-py3-none-any.whl (134 kB)
Downloading markupsafe-3.0.3-cp314-cp314-manylinux2014_x86_64.manylinux_2_17_x86_64.manylinux_2_28_x86_64.whl (23 kB)
Downloading setuptools-78.1.0-py3-none-any.whl (1.3 MB)
   ━━━━━━━━━━━━━━━━━━━━━━━━━━━━━━━━━━━━━━━━ 1.3/1.3 MB 2.6 MB/s  0:00:00
Installing collected packages: mpmath, typing-extensions, sympy, setuptools, networkx, MarkupSafe, fsspec, filelock, jinja2, torch

Successfully installed MarkupSafe-3.0.3 filelock-3.32.3 fsspec-2026.7.0 jinja2-3.1.6 mpmath-1.3.0 networkx-3.6.1 setuptools-78.1.0 sympy-1.14.0 torch-2.9.0+cpu typing-extensions-4.16.0
WARNING: Running pip as the 'root' user can result in broken permissions and conflicting behaviour with the system package manager, possibly rendering your system unusable. It is recommended to use a virtual environment instead: https://pip.pypa.io/warnings/venv. Use the --root-user-action option if you know what you are doing and want to suppress this warning.
/opt/conda/envs/fibertools/lib/python3.14/site-packages/torch/_subclasses/functional_tensor.py:279: UserWarning: Failed to initialize NumPy: No module named 'numpy' (Triggered internally at /pytorch/torch/csrc/utils/tensor_numpy.cpp:84.)
  cpu = _conversion_method_template(device=torch.device("cpu"))
    Updating crates.io index
 Downloading crates ...
  Downloaded fibertools-rs v0.13.1
  Installing fibertools-rs v0.13.1
    Updating crates.io index
     Locking 741 packages to latest compatible versions
      Adding bio v1.6.0 (available: v4.0.1)
      Adding burn v0.18.0 (available: v0.21.0)
      Adding burn-import v0.18.0 (available: v0.21.0)
      Adding clap_mangen v0.2.33 (available: v0.3.3)
      Adding colored v2.2.0 (available: v3.1.1)
      Adding console v0.15.11 (available: v0.16.6)
      Adding derive_builder v0.12.0 (available: v0.20.2)
      Adding env_logger v0.9.3 (available: v0.11.11)
      Adding generic-array v0.14.7 (available: v0.14.9)
      Adding gzp v0.11.3 (available: v2.0.4)
      Adding hts-sys v2.2.0 (available: v2.2.1)
      Adding indicatif v0.17.11 (available: v0.18.6)
      Adding itertools v0.10.5 (available: v0.15.0)
      Adding matchit v0.8.4 (available: v0.8.6)
      Adding niffler v2.7.0 (available: v3.0.1)
      Adding noodles v0.100.0 (available: v0.116.0)
      Adding ordered-float v3.9.2 (available: v5.5.0)
      Adding rand v0.8.8 (available: v0.10.2)
      Adding rust-htslib v0.46.0 (available: v1.0.1)
      Adding spin v0.9.9 (available: v0.12.3)
      Adding tch v0.19.0 (available: v0.26.0)
      Adding unicode-width v0.2.0 (available: v0.2.2)
      Adding vergen-git2 v9.1.0 (available: v10.0.3)
 Downloading crates ...
  Downloaded cpufeatures v0.2.17
  Downloaded cpufeatures v0.3.1
  Downloaded darling_macro v0.24.1
  Downloaded darling_macro v0.14.4
  Downloaded darling_macro v0.20.11
  Downloaded darling_macro v0.21.3
  Downloaded cubecl-macros-internal v0.6.0
  Downloaded atty v0.2.14
  Downloaded arg_enum_proc_macro v0.3.4
  Downloaded color_quant v1.1.0
  Downloaded cfg_aliases v0.2.2
  Downloaded fs-utils v1.1.4
  Downloaded dyn-stack-macros v0.1.3
  Downloaded concurrent-queue v2.5.0
  Downloaded derive_builder_macro v0.20.2
  Downloaded feature-probe v0.1.1
  Downloaded derive-new v0.6.0
  Downloaded editdistancek v1.0.2
  Downloaded as-slice v0.2.1
  Downloaded derive-new v0.7.0
  Downloaded derive-new v0.5.9
  Downloaded equator-macro v0.4.2
  Downloaded anstyle-query v1.1.5
  Downloaded colorchoice v1.0.5
  Downloaded bit_field v0.10.3
  Downloaded cfg-if v1.0.5
  Downloaded derive_builder_macro v0.12.0
  Downloaded equivalent v1.0.2
  Downloaded dirs-sys v0.5.0
  Downloaded fallible-streaming-iterator v0.1.9
  Downloaded embassy-futures v0.1.2
  Downloaded aligned v0.4.3
  Downloaded aligned-vec v0.6.4
  Downloaded equator v0.4.2
  Downloaded futures-core v0.3.34
  Downloaded crypto-common v0.1.7
  Downloaded form_urlencoded v1.2.2
  Downloaded block-buffer v0.10.4
  Downloaded errno v0.3.14
  Downloaded dyn-stack v0.10.0
  Downloaded float-ord v0.3.2
  Downloaded futures-io v0.3.34
  Downloaded custom_derive v0.1.7
  Downloaded fnv v1.0.7
  Downloaded clap_lex v1.1.1
  Downloaded tower-layer v0.3.3
  Downloaded atomic-waker v1.1.2
  Downloaded atomic_float v1.1.0
  Downloaded bytesize v1.3.3
  Downloaded castaway v0.2.4
  Downloaded bit-set v0.5.3
  Downloaded event-listener-strategy v0.5.4
  Downloaded enum-map-derive v0.17.0
  Downloaded adler2 v2.0.1
  Downloaded num-conv v0.2.2
  Downloaded cargo-platform v0.3.3
  Downloaded clap_mangen v0.2.33
  Downloaded async-channel v2.5.0
  Downloaded dirs v6.0.0
  Downloaded fixedbitset v0.4.2
  Downloaded approx v0.5.1
  Downloaded bit-set v0.8.0
  Downloaded avif-serialize v0.8.9
  Downloaded strum v0.27.2
  Downloaded byteorder-lite v0.1.0
  Downloaded time-core v0.1.9
  Downloaded bytecount v0.6.9
  Downloaded autocfg v1.5.1
  Downloaded strsim v0.10.0
  Downloaded thread-tree v0.3.3
  Downloaded y4m v0.8.0
  Downloaded data-encoding v2.11.1
  Downloaded fallible-iterator v0.3.0
  Downloaded document-features v0.2.12
  Downloaded anstyle v1.0.14
  Downloaded bit-vec v0.6.3
  Downloaded digest v0.10.7
  Downloaded burn-derive v0.18.0
  Downloaded burn-cuda v0.18.0
  Downloaded subtle v2.6.1
  Downloaded symlink v0.1.0
  Downloaded bit-vec v0.8.0
  Downloaded burn-ir v0.18.0
  Downloaded wasm-bindgen-shared v0.2.128
  Downloaded cubecl-hip v0.6.0
  Downloaded enum-map v2.7.3
  Downloaded zerofrom-derive v0.1.8
  Downloaded reborrow v0.5.5
  Downloaded fastrand v2.5.0
  Downloaded anstyle-parse v1.0.0
  Downloaded bitflags v1.3.2
  Downloaded noodles v0.100.0
  Downloaded unicode-truncate v1.1.0
  Downloaded vec_map v0.8.2
  Downloaded fxhash v0.2.1
  Downloaded cipher v0.4.4
  Downloaded burn-common v0.18.0
  Downloaded cmake v0.1.58
  Downloaded dyn-stack v0.13.2
  Downloaded crossbeam-deque v0.8.8
  Downloaded deranged v0.5.8
  Downloaded fixedbitset v0.5.7
  Downloaded foldhash v0.1.5
  Downloaded niffler v2.7.0
  Downloaded displaydoc v0.2.7
  Downloaded r2d2_sqlite v0.31.0
  Downloaded burn-rocm v0.18.0
  Downloaded burn-wgpu v0.18.0
  Downloaded byteorder v1.5.0
  Downloaded yoke-derive v0.8.3
  Downloaded bio-types v1.0.4
  Downloaded num_enum_derive v0.7.6
  Downloaded version_check v0.9.5
  Downloaded cassowary v0.3.0
  Downloaded cubecl-random v0.6.0
  Downloaded rustc-hash v1.1.0
  Downloaded gemm-c32 v0.17.1
  Downloaded thiserror v1.0.69
  Downloaded profiling v1.0.18
  Downloaded fax v0.2.7
  Downloaded either v1.18.0
  Downloaded hexf-parse v0.2.1
  Downloaded axum-core v0.5.6
  Downloaded bytemuck_derive v1.12.1
  Downloaded burn-remote v0.18.0
  Downloaded gpu-alloc-types v0.3.1
  Downloaded lock_api v0.4.14
  Downloaded base64ct v1.8.3
  Downloaded clap_derive v4.6.7
  Downloaded futures-sink v0.3.34
  Downloaded cubecl-ir v0.6.0
  Downloaded darling v0.14.4
  Downloaded pastey v0.1.1
  Downloaded cubecl-cuda v0.6.0
  Downloaded derive_builder_core v0.20.2
  Downloaded find-msvc-tools v0.1.13
  Downloaded quick-error v1.2.3
  Downloaded rand_chacha v0.3.1
  Downloaded env_logger v0.9.3
  Downloaded derive_builder_core v0.12.0
  Downloaded csv-core v0.1.13
  Downloaded anstream v1.0.0
  Downloaded loop9 v0.1.5
  Downloaded memmap2 v0.9.11
  Downloaded cargo_metadata v0.23.1
  Downloaded gemm-f32 v0.17.1
  Downloaded itertools-num v0.1.3
  Downloaded cubecl-common v0.6.0
  Downloaded zerovec-derive v0.11.6
  Downloaded cubecl-std v0.6.0
  Downloaded pkg-config v0.3.34
  Downloaded ppv-lite86 v0.2.21
  Downloaded dashmap v6.2.1
  Downloaded serde_bytes v0.11.19
  Downloaded cubecl-convolution v0.6.0
  Downloaded nu-ansi-term v0.50.3
  Downloaded colored v3.1.1
  Downloaded bzip2 v0.4.4
  Downloaded chacha20 v0.10.2
  Downloaded colored v2.2.0
  Downloaded ordered-float v4.6.0
  Downloaded noodles-core v0.18.0
  Downloaded serde_path_to_error v0.1.20
  Downloaded httpdate v1.0.3
  Downloaded moddef v0.3.0
  Downloaded zune-core v0.5.3
  Downloaded shared_child v1.1.2
  Downloaded generic-array v0.14.7
  Downloaded text_placeholder v0.5.1
  Downloaded ahash v0.8.12
  Downloaded futures-channel v0.3.34
  Downloaded fdeflate v0.3.7
  Downloaded duct v1.1.2
  Downloaded arrayvec v0.7.8
  Downloaded burn-candle v0.18.0
  Downloaded raw-window-handle v0.6.2
  Downloaded gix-validate v0.10.1
  Downloaded burn-tch v0.18.0
  Downloaded sync_wrapper v1.0.2
  Downloaded toml_parser v1.1.3+spec-1.1.0
  Downloaded num v0.4.3
  Downloaded zmij v1.0.23
  Downloaded simd_helpers v0.1.0
  Downloaded semver v0.1.20
  Downloaded derive_builder v0.20.2
  Downloaded derive_builder v0.12.0
  Downloaded cubecl-reduce v0.6.0
  Downloaded darling v0.21.3
  Downloaded crc32fast v1.5.2
  Downloaded rand_core v0.10.1
  Downloaded num-rational v0.4.2
  Downloaded av1-grain v0.2.5
  Downloaded burn-router v0.18.0
  Downloaded rustversion v1.0.23
  Downloaded option-ext v0.2.0
  Downloaded cubecl v0.6.0
  Downloaded event-listener v5.4.2
  Downloaded relative-path v1.9.3
  Downloaded slab v0.4.12
  Downloaded lazy_static v1.5.0
  Downloaded mime v0.3.17
  Downloaded gemm-f64 v0.17.1
  Downloaded rustc_version v0.1.7
  Downloaded noodles-csi v0.50.0
  Downloaded camino v1.2.6
  Downloaded bv v0.11.1
  Downloaded safetensors v0.4.5
  Downloaded indoc v2.0.7
  Downloaded parking v2.2.1
  Downloaded shared_thread v0.2.1
  Downloaded futures-lite v2.6.1
  Downloaded triple_accel v0.4.0
  Downloaded darling v0.24.1
  Downloaded thread_local v1.1.10
  Downloaded pbkdf2 v0.11.0
  Downloaded protobuf-support v3.7.2
  Downloaded crossbeam-utils v0.8.23
  Downloaded darling v0.20.11
  Downloaded tracing-attributes v0.1.31
  Downloaded safetensors v0.3.3
  Downloaded md5 v0.8.1
  Downloaded matrixmultiply v0.3.11
  Downloaded clap_complete v4.6.11
  Downloaded built v0.8.1
  Downloaded toml_datetime v0.7.5+spec-1.1.0
  Downloaded home v0.5.12
warning: spurious network error (3 tries remaining): [28] Timeout was reached (Operation timed out after 300586 milliseconds with 0 bytes received)
warning: spurious network error (3 tries remaining): [28] Timeout was reached (Operation timed out after 300586 milliseconds with 0 bytes received)
warning: spurious network error (3 tries remaining): [28] Timeout was reached (Operation timed out after 300586 milliseconds with 0 bytes received)
warning: spurious network error (3 tries remaining): [28] Timeout was reached (Operation timed out after 300586 milliseconds with 0 bytes received)
warning: spurious network error (3 tries remaining): [28] Timeout was reached (Operation timed out after 300586 milliseconds with 0 bytes received)
warning: spurious network error (3 tries remaining): [28] Timeout was reached (Operation timed out after 300586 milliseconds with 0 bytes received)
warning: spurious network error (3 tries remaining): [28] Timeout was reached (Operation timed out after 300586 milliseconds with 0 bytes received)
warning: spurious network error (3 tries remaining): [28] Timeout was reached (Operation timed out after 300586 milliseconds with 0 bytes received)
warning: spurious network error (3 tries remaining): [28] Timeout was reached (Operation timed out after 300586 milliseconds with 0 bytes received)
warning: spurious network error (3 tries remaining): [28] Timeout was reached (Operation timed out after 300586 milliseconds with 0 bytes received)
warning: spurious network error (3 tries remaining): [28] Timeout was reached (Operation timed out after 300586 milliseconds with 0 bytes received)
warning: spurious network error (3 tries remaining): [28] Timeout was reached (Operation timed out after 300586 milliseconds with 0 bytes received)
warning: spurious network error (3 tries remaining): [28] Timeout was reached (Operation timed out after 300586 milliseconds with 0 bytes received)
warning: spurious network error (3 tries remaining): [28] Timeout was reached (Operation timed out after 300586 milliseconds with 0 bytes received)
warning: spurious network error (3 tries remaining): [28] Timeout was reached (Operation timed out after 300586 milliseconds with 0 bytes received)
warning: spurious network error (3 tries remaining): [28] Timeout was reached (Operation timed out after 300586 milliseconds with 0 bytes received)
warning: spurious network error (3 tries remaining): [28] Timeout was reached (Operation timed out after 300586 milliseconds with 0 bytes received)
warning: spurious network error (3 tries remaining): [28] Timeout was reached (Operation timed out after 300586 milliseconds with 0 bytes received)
warning: spurious network error (3 tries remaining): [28] Timeout was reached (Operation timed out after 300586 milliseconds with 0 bytes received)
warning: spurious network error (3 tries remaining): [28] Timeout was reached (Operation timed out after 300586 milliseconds with 0 bytes received)
warning: spurious network error (3 tries remaining): [28] Timeout was reached (Operation timed out after 300586 milliseconds with 0 bytes received)
warning: spurious network error (3 tries remaining): [28] Timeout was reached (Operation timed out after 300586 milliseconds with 0 bytes received)
warning: spurious network error (3 tries remaining): [28] Timeout was reached (Operation timed out after 300586 milliseconds with 0 bytes received)
warning: spurious network error (3 tries remaining): [28] Timeout was reached (Operation timed out after 300586 milliseconds with 0 bytes received)
warning: spurious network error (3 tries remaining): [28] Timeout was reached (Operation timed out after 300586 milliseconds with 0 bytes received)
warning: spurious network error (3 tries remaining): [28] Timeout was reached (Operation timed out after 300586 milliseconds with 0 bytes received)
warning: spurious network error (3 tries remaining): [28] Timeout was reached (Operation timed out after 300586 milliseconds with 0 bytes received)
warning: spurious network error (3 tries remaining): [28] Timeout was reached (Operation timed out after 300586 milliseconds with 0 bytes received)
warning: spurious network error (3 tries remaining): [28] Timeout was reached (Operation timed out after 300586 milliseconds with 0 bytes received)
warning: spurious network error (3 tries remaining): [28] Timeout was reached (Operation timed out after 300586 milliseconds with 0 bytes received)
warning: spurious network error (3 tries remaining): [28] Timeout was reached (Operation timed out after 300586 milliseconds with 0 bytes received)
warning: spurious network error (3 tries remaining): [28] Timeout was reached (Operation timed out after 300586 milliseconds with 0 bytes received)
warning: spurious network error (3 tries remaining): [28] Timeout was reached (Operation timed out after 300586 milliseconds with 0 bytes received)
warning: spurious network error (3 tries remaining): [28] Timeout was reached (Operation timed out after 300586 milliseconds with 0 bytes received)
warning: spurious network error (3 tries remaining): [28] Timeout was reached (Operation timed out after 300586 milliseconds with 0 bytes received)
warning: spurious network error (3 tries remaining): [28] Timeout was reached (Operation timed out after 300586 milliseconds with 0 bytes received)
warning: spurious network error (3 tries remaining): [28] Timeout was reached (Operation timed out after 300586 milliseconds with 0 bytes received)
warning: spurious network error (3 tries remaining): [28] Timeout was reached (Operation timed out after 300586 milliseconds with 0 bytes received)
warning: spurious network error (3 tries remaining): [28] Timeout was reached (Operation timed out after 300586 milliseconds with 0 bytes received)
warning: spurious network error (3 tries remaining): [28] Timeout was reached (Operation timed out after 300586 milliseconds with 0 bytes received)
warning: spurious network error (3 tries remaining): [28] Timeout was reached (Operation timed out after 300586 milliseconds with 0 bytes received)
warning: spurious network error (3 tries remaining): [28] Timeout was reached (Operation timed out after 300586 milliseconds with 0 bytes received)
warning: spurious network error (3 tries remaining): [28] Timeout was reached (Operation timed out after 300586 milliseconds with 0 bytes received)
warning: spurious network error (3 tries remaining): [28] Timeout was reached (Operation timed out after 300586 milliseconds with 0 bytes received)
warning: spurious network error (3 tries remaining): [28] Timeout was reached (Operation timed out after 300586 milliseconds with 0 bytes received)
warning: spurious network error (3 tries remaining): [28] Timeout was reached (Operation timed out after 300586 milliseconds with 0 bytes received)
warning: spurious network error (3 tries remaining): [28] Timeout was reached (Operation timed out after 300586 milliseconds with 0 bytes received)
warning: spurious network error (3 tries remaining): [28] Timeout was reached (Operation timed out after 300586 milliseconds with 0 bytes received)
warning: spurious network error (3 tries remaining): [28] Timeout was reached (Operation timed out after 300586 milliseconds with 0 bytes received)
warning: spurious network error (3 tries remaining): [28] Timeout was reached (Operation timed out after 300585 milliseconds with 0 bytes received)
warning: spurious network error (3 tries remaining): [28] Timeout was reached (Operation timed out after 300585 milliseconds with 0 bytes received)
warning: spurious network error (3 tries remaining): [28] Timeout was reached (Operation timed out after 300585 milliseconds with 0 bytes received)
warning: spurious network error (3 tries remaining): [28] Timeout was reached (Operation timed out after 300585 milliseconds with 0 bytes received)
warning: spurious network error (3 tries remaining): [28] Timeout was reached (Operation timed out after 300585 milliseconds with 0 bytes received)
warning: spurious network error (3 tries remaining): [28] Timeout was reached (Operation timed out after 300590 milliseconds with 0 bytes received)
warning: spurious network error (3 tries remaining): [28] Timeout was reached (Operation timed out after 300590 milliseconds with 0 bytes received)
warning: spurious network error (3 tries remaining): [28] Timeout was reached (Operation timed out after 300589 milliseconds with 0 bytes received)
warning: spurious network error (3 tries remaining): [28] Timeout was reached (Operation timed out after 300589 milliseconds with 0 bytes received)
warning: spurious network error (3 tries remaining): [28] Timeout was reached (Operation timed out after 300589 milliseconds with 0 bytes received)
warning: spurious network error (3 tries remaining): [28] Timeout was reached (Operation timed out after 300588 milliseconds with 0 bytes received)
warning: spurious network error (3 tries remaining): [28] Timeout was reached (Operation timed out after 300588 milliseconds with 0 bytes received)
warning: spurious network error (3 tries remaining): [28] Timeout was reached (Operation timed out after 300588 milliseconds with 0 bytes received)
warning: spurious network error (3 tries remaining): [28] Timeout was reached (Operation timed out after 300588 milliseconds with 0 bytes received)
warning: spurious network error (3 tries remaining): [28] Timeout was reached (Operation timed out after 300588 milliseconds with 0 bytes received)
warning: spurious network error (3 tries remaining): [28] Timeout was reached (Operation timed out after 300588 milliseconds with 0 bytes received)
warning: spurious network error (3 tries remaining): [28] Timeout was reached (Operation timed out after 300588 milliseconds with 0 bytes received)
warning: spurious network error (3 tries remaining): [28] Timeout was reached (Operation timed out after 300588 milliseconds with 0 bytes received)
warning: spurious network error (3 tries remaining): [28] Timeout was reached (Operation timed out after 300588 milliseconds with 0 bytes received)
warning: spurious network error (3 tries remaining): [28] Timeout was reached (Operation timed out after 300588 milliseconds with 0 bytes received)
warning: spurious network error (3 tries remaining): [28] Timeout was reached (Operation timed out after 300588 milliseconds with 0 bytes received)
warning: spurious network error (3 tries remaining): [28] Timeout was reached (Operation timed out after 300588 milliseconds with 0 bytes received)
warning: spurious network error (3 tries remaining): [28] Timeout was reached (Operation timed out after 300588 milliseconds with 0 bytes received)
warning: spurious network error (3 tries remaining): [28] Timeout was reached (Operation timed out after 300588 milliseconds with 0 bytes received)
warning: spurious network error (3 tries remaining): [28] Timeout was reached (Operation timed out after 300588 milliseconds with 0 bytes received)
warning: spurious network error (3 tries remaining): [28] Timeout was reached (Operation timed out after 300588 milliseconds with 0 bytes received)
warning: spurious network error (3 tries remaining): [28] Timeout was reached (Operation timed out after 300588 milliseconds with 0 bytes received)
warning: spurious network error (3 tries remaining): [28] Timeout was reached (Operation timed out after 300588 milliseconds with 0 bytes received)
warning: spurious network error (3 tries remaining): [28] Timeout was reached (Operation timed out after 300588 milliseconds with 0 bytes received)
warning: spurious network error (3 tries remaining): [28] Timeout was reached (Operation timed out after 300588 milliseconds with 0 bytes received)
warning: spurious network error (3 tries remaining): [28] Timeout was reached (Operation timed out after 300588 milliseconds with 0 bytes received)
warning: spurious network error (3 tries remaining): [28] Timeout was reached (Operation timed out after 300588 milliseconds with 0 bytes received)
warning: spurious network error (3 tries remaining): [28] Timeout was reached (Operation timed out after 300588 milliseconds with 0 bytes received)
warning: spurious network error (3 tries remaining): [28] Timeout was reached (Operation timed out after 300588 milliseconds with 0 bytes received)
warning: spurious network error (3 tries remaining): [28] Timeout was reached (Operation timed out after 300588 milliseconds with 0 bytes received)
warning: spurious network error (3 tries remaining): [28] Timeout was reached (Operation timed out after 300588 milliseconds with 0 bytes received)
warning: spurious network error (3 tries remaining): [28] Timeout was reached (Operation timed out after 300588 milliseconds with 0 bytes received)
warning: spurious network error (3 tries remaining): [28] Timeout was reached (Operation timed out after 300585 milliseconds with 0 bytes received)
warning: spurious network error (3 tries remaining): [28] Timeout was reached (Operation timed out after 300585 milliseconds with 0 bytes received)
warning: spurious network error (3 tries remaining): [28] Timeout was reached (Operation timed out after 300585 milliseconds with 0 bytes received)
warning: spurious network error (3 tries remaining): [28] Timeout was reached (Operation timed out after 300585 milliseconds with 0 bytes received)
warning: spurious network error (3 tries remaining): [28] Timeout was reached (Operation timed out after 300585 milliseconds with 0 bytes received)
warning: spurious network error (3 tries remaining): [28] Timeout was reached (Operation timed out after 300585 milliseconds with 0 bytes received)
warning: spurious network error (3 tries remaining): [28] Timeout was reached (Operation timed out after 300585 milliseconds with 0 bytes received)
warning: spurious network error (3 tries remaining): [28] Timeout was reached (Operation timed out after 300585 milliseconds with 0 bytes received)
warning: spurious network error (3 tries remaining): [28] Timeout was reached (Operation timed out after 300585 milliseconds with 0 bytes received)
warning: spurious network error (3 tries remaining): [28] Timeout was reached (Operation timed out after 300585 milliseconds with 0 bytes received)
warning: spurious network error (3 tries remaining): [28] Timeout was reached (Operation timed out after 300585 milliseconds with 0 bytes received)
warning: spurious network error (3 tries remaining): [28] Timeout was reached (Operation timed out after 300585 milliseconds with 0 bytes received)
warning: spurious network error (3 tries remaining): [28] Timeout was reached (Operation timed out after 300585 milliseconds with 0 bytes received)
warning: spurious network error (3 tries remaining): [28] Timeout was reached (Operation timed out after 300585 milliseconds with 0 bytes received)
warning: spurious network error (3 tries remaining): [28] Timeout was reached (Operation timed out after 300585 milliseconds with 0 bytes received)
warning: spurious network error (3 tries remaining): [28] Timeout was reached (Operation timed out after 300585 milliseconds with 0 bytes received)
warning: spurious network error (3 tries remaining): [28] Timeout was reached (Operation timed out after 300585 milliseconds with 0 bytes received)
warning: spurious network error (3 tries remaining): [28] Timeout was reached (Operation timed out after 300585 milliseconds with 0 bytes received)
warning: spurious network error (3 tries remaining): [28] Timeout was reached (Operation timed out after 300585 milliseconds with 0 bytes received)
warning: spurious network error (3 tries remaining): [28] Timeout was reached (Operation timed out after 300585 milliseconds with 0 bytes received)
warning: spurious network error (3 tries remaining): [28] Timeout was reached (Operation timed out after 300585 milliseconds with 0 bytes received)
warning: spurious network error (3 tries remaining): [28] Timeout was reached (Operation timed out after 300585 milliseconds with 0 bytes received)
warning: spurious network error (3 tries remaining): [28] Timeout was reached (Operation timed out after 300585 milliseconds with 0 bytes received)
warning: spurious network error (3 tries remaining): [28] Timeout was reached (Operation timed out after 300585 milliseconds with 0 bytes received)
warning: spurious network error (3 tries remaining): [28] Timeout was reached (Operation timed out after 300585 milliseconds with 0 bytes received)
warning: spurious network error (3 tries remaining): [28] Timeout was reached (Operation timed out after 300585 milliseconds with 0 bytes received)
warning: spurious network error (3 tries remaining): [28] Timeout was reached (Operation timed out after 300585 milliseconds with 0 bytes received)
warning: spurious network error (3 tries remaining): [28] Timeout was reached (Operation timed out after 300585 milliseconds with 0 bytes received)
warning: spurious network error (3 tries remaining): [28] Timeout was reached (Operation timed out after 300585 milliseconds with 0 bytes received)
warning: spurious network error (3 tries remaining): [28] Timeout was reached (Operation timed out after 300585 milliseconds with 0 bytes received)
warning: spurious network error (3 tries remaining): [28] Timeout was reached (Operation timed out after 300585 milliseconds with 0 bytes received)
warning: spurious network error (3 tries remaining): [28] Timeout was reached (Operation timed out after 300585 milliseconds with 0 bytes received)
warning: spurious network error (3 tries remaining): [28] Timeout was reached (Operation timed out after 300585 milliseconds with 0 bytes received)
warning: spurious network error (3 tries remaining): [28] Timeout was reached (Operation timed out after 300585 milliseconds with 0 bytes received)
warning: spurious network error (3 tries remaining): [28] Timeout was reached (Operation timed out after 300585 milliseconds with 0 bytes received)
warning: spurious network error (3 tries remaining): [28] Timeout was reached (Operation timed out after 300585 milliseconds with 0 bytes received)
warning: spurious network error (3 tries remaining): [28] Timeout was reached (Operation timed out after 300585 milliseconds with 0 bytes received)
warning: spurious network error (3 tries remaining): [28] Timeout was reached (Operation timed out after 300585 milliseconds with 0 bytes received)
warning: spurious network error (3 tries remaining): [28] Timeout was reached (Operation timed out after 300585 milliseconds with 0 bytes received)
warning: spurious network error (3 tries remaining): [28] Timeout was reached (Operation timed out after 300585 milliseconds with 0 bytes received)
warning: spurious network error (3 tries remaining): [28] Timeout was reached (Operation timed out after 300585 milliseconds with 0 bytes received)
warning: spurious network error (3 tries remaining): [28] Timeout was reached (Operation timed out after 300585 milliseconds with 0 bytes received)
warning: spurious network error (3 tries remaining): [28] Timeout was reached (Operation timed out after 300585 milliseconds with 0 bytes received)
warning: spurious network error (3 tries remaining): [28] Timeout was reached (Operation timed out after 300585 milliseconds with 0 bytes received)
warning: spurious network error (3 tries remaining): [28] Timeout was reached (Operation timed out after 300584 milliseconds with 0 bytes received)
warning: spurious network error (3 tries remaining): [28] Timeout was reached (Operation timed out after 300584 milliseconds with 0 bytes received)
warning: spurious network error (3 tries remaining): [28] Timeout was reached (Operation timed out after 300584 milliseconds with 0 bytes received)
warning: spurious network error (3 tries remaining): [28] Timeout was reached (Operation timed out after 300584 milliseconds with 0 bytes received)
warning: spurious network error (3 tries remaining): [28] Timeout was reached (Operation timed out after 300584 milliseconds with 0 bytes received)
warning: spurious network error (3 tries remaining): [28] Timeout was reached (Operation timed out after 300584 milliseconds with 0 bytes received)
warning: spurious network error (3 tries remaining): [28] Timeout was reached (Operation timed out after 300584 milliseconds with 0 bytes received)
warning: spurious network error (3 tries remaining): [28] Timeout was reached (Operation timed out after 300584 milliseconds with 0 bytes received)
warning: spurious network error (3 tries remaining): [28] Timeout was reached (Operation timed out after 300584 milliseconds with 0 bytes received)
warning: spurious network error (3 tries remaining): [28] Timeout was reached (Operation timed out after 300584 milliseconds with 0 bytes received)
warning: spurious network error (3 tries remaining): [28] Timeout was reached (Operation timed out after 300584 milliseconds with 0 bytes received)
warning: spurious network error (3 tries remaining): [28] Timeout was reached (Operation timed out after 300584 milliseconds with 0 bytes received)
warning: spurious network error (3 tries remaining): [28] Timeout was reached (Operation timed out after 300584 milliseconds with 0 bytes received)
warning: spurious network error (3 tries remaining): [28] Timeout was reached (Operation timed out after 300584 milliseconds with 0 bytes received)
warning: spurious network error (3 tries remaining): [28] Timeout was reached (Operation timed out after 300584 milliseconds with 0 bytes received)
warning: spurious network error (3 tries remaining): [28] Timeout was reached (Operation timed out after 300584 milliseconds with 0 bytes received)
warning: spurious network error (3 tries remaining): [28] Timeout was reached (Operation timed out after 300584 milliseconds with 0 bytes received)
warning: spurious network error (3 tries remaining): [28] Timeout was reached (Operation timed out after 300584 milliseconds with 0 bytes received)
warning: spurious network error (3 tries remaining): [28] Timeout was reached (Operation timed out after 300584 milliseconds with 0 bytes received)
warning: spurious network error (3 tries remaining): [28] Timeout was reached (Operation timed out after 300584 milliseconds with 0 bytes received)
warning: spurious network error (3 tries remaining): [28] Timeout was reached (Operation timed out after 300584 milliseconds with 0 bytes received)
warning: spurious network error (3 tries remaining): [28] Timeout was reached (Operation timed out after 300584 milliseconds with 0 bytes received)
warning: spurious network error (3 tries remaining): [28] Timeout was reached (Operation timed out after 300584 milliseconds with 0 bytes received)
warning: spurious network error (3 tries remaining): [28] Timeout was reached (Operation timed out after 300584 milliseconds with 0 bytes received)
warning: spurious network error (3 tries remaining): [28] Timeout was reached (Operation timed out after 300584 milliseconds with 0 bytes received)
warning: spurious network error (3 tries remaining): [28] Timeout was reached (Operation timed out after 300584 milliseconds with 0 bytes received)
warning: spurious network error (3 tries remaining): [28] Timeout was reached (Operation timed out after 300584 milliseconds with 0 bytes received)
warning: spurious network error (3 tries remaining): [28] Timeout was reached (Operation timed out after 300584 milliseconds with 0 bytes received)
warning: spurious network error (3 tries remaining): [28] Timeout was reached (Operation timed out after 300584 milliseconds with 0 bytes received)
warning: spurious network error (3 tries remaining): [28] Timeout was reached (Operation timed out after 300584 milliseconds with 0 bytes received)
warning: spurious network error (3 tries remaining): [28] Timeout was reached (Operation timed out after 300584 milliseconds with 0 bytes received)
warning: spurious network error (3 tries remaining): [28] Timeout was reached (Operation timed out after 300584 milliseconds with 0 bytes received)
warning: spurious network error (3 tries remaining): [28] Timeout was reached (Operation timed out after 300584 milliseconds with 0 bytes received)
warning: spurious network error (3 tries remaining): [28] Timeout was reached (Operation timed out after 300584 milliseconds with 0 bytes received)
warning: spurious network error (3 tries remaining): [28] Timeout was reached (Operation timed out after 300584 milliseconds with 0 bytes received)
warning: spurious network error (3 tries remaining): [28] Timeout was reached (Operation timed out after 300584 milliseconds with 0 bytes received)
warning: spurious network error (3 tries remaining): [28] Timeout was reached (Operation timed out after 300584 milliseconds with 0 bytes received)
warning: spurious network error (3 tries remaining): [28] Timeout was reached (Operation timed out after 300583 milliseconds with 0 bytes received)
warning: spurious network error (3 tries remaining): [28] Timeout was reached (Operation timed out after 300583 milliseconds with 0 bytes received)
warning: spurious network error (3 tries remaining): [28] Timeout was reached (Operation timed out after 300583 milliseconds with 0 bytes received)
warning: spurious network error (3 tries remaining): [28] Timeout was reached (Operation timed out after 300583 milliseconds with 0 bytes received)
warning: spurious network error (3 tries remaining): [28] Timeout was reached (Operation timed out after 300583 milliseconds with 0 bytes received)
warning: spurious network error (3 tries remaining): [28] Timeout was reached (Operation timed out after 300583 milliseconds with 0 bytes received)
warning: spurious network error (3 tries remaining): [28] Timeout was reached (Operation timed out after 300583 milliseconds with 0 bytes received)
warning: spurious network error (3 tries remaining): [28] Timeout was reached (Operation timed out after 300583 milliseconds with 0 bytes received)
warning: spurious network error (3 tries remaining): [28] Timeout was reached (Operation timed out after 300583 milliseconds with 0 bytes received)
warning: spurious network error (3 tries remaining): [28] Timeout was reached (Operation timed out after 300583 milliseconds with 0 bytes received)
warning: spurious network error (3 tries remaining): [28] Timeout was reached (Operation timed out after 300583 milliseconds with 0 bytes received)
warning: spurious network error (3 tries remaining): [28] Timeout was reached (Operation timed out after 300583 milliseconds with 0 bytes received)
warning: spurious network error (3 tries remaining): [28] Timeout was reached (Operation timed out after 300583 milliseconds with 0 bytes received)
warning: spurious network error (3 tries remaining): [28] Timeout was reached (Operation timed out after 300583 milliseconds with 0 bytes received)
warning: spurious network error (3 tries remaining): [28] Timeout was reached (Operation timed out after 300583 milliseconds with 0 bytes received)
warning: spurious network error (3 tries remaining): [28] Timeout was reached (Operation timed out after 300583 milliseconds with 0 bytes received)
warning: spurious network error (3 tries remaining): [28] Timeout was reached (Operation timed out after 300583 milliseconds with 0 bytes received)
warning: spurious network error (3 tries remaining): [28] Timeout was reached (Operation timed out after 300583 milliseconds with 0 bytes received)
warning: spurious network error (3 tries remaining): [28] Timeout was reached (Operation timed out after 300583 milliseconds with 0 bytes received)
warning: spurious network error (3 tries remaining): [28] Timeout was reached (Operation timed out after 300583 milliseconds with 0 bytes received)
warning: spurious network error (3 tries remaining): [28] Timeout was reached (Operation timed out after 300583 milliseconds with 0 bytes received)
warning: spurious network error (3 tries remaining): [28] Timeout was reached (Operation timed out after 300583 milliseconds with 0 bytes received)
warning: spurious network error (3 tries remaining): [28] Timeout was reached (Operation timed out after 300583 milliseconds with 0 bytes received)
warning: spurious network error (3 tries remaining): [28] Timeout was reached (Operation timed out after 300583 milliseconds with 0 bytes received)
warning: spurious network error (3 tries remaining): [28] Timeout was reached (Operation timed out after 300583 milliseconds with 0 bytes received)
warning: spurious network error (3 tries remaining): [28] Timeout was reached (Operation timed out after 300583 milliseconds with 0 bytes received)
warning: spurious network error (3 tries remaining): [28] Timeout was reached (Operation timed out after 300583 milliseconds with 0 bytes received)
warning: spurious network error (3 tries remaining): [28] Timeout was reached (Operation timed out after 300583 milliseconds with 0 bytes received)
warning: spurious network error (3 tries remaining): [28] Timeout was reached (Operation timed out after 300583 milliseconds with 0 bytes received)
warning: spurious network error (3 tries remaining): [28] Timeout was reached (Operation timed out after 300583 milliseconds with 0 bytes received)
warning: spurious network error (3 tries remaining): [28] Timeout was reached (Operation timed out after 300592 milliseconds with 0 bytes received)
warning: spurious network error (3 tries remaining): [28] Timeout was reached (Operation timed out after 300592 milliseconds with 0 bytes received)
warning: spurious network error (3 tries remaining): [28] Timeout was reached (Operation timed out after 300591 milliseconds with 0 bytes received)
warning: spurious network error (3 tries remaining): [28] Timeout was reached (Operation timed out after 300591 milliseconds with 0 bytes received)
warning: spurious network error (3 tries remaining): [28] Timeout was reached (Operation timed out after 300591 milliseconds with 0 bytes received)
warning: spurious network error (3 tries remaining): [28] Timeout was reached (Operation timed out after 300591 milliseconds with 0 bytes received)
warning: spurious network error (3 tries remaining): [28] Timeout was reached (Operation timed out after 300591 milliseconds with 0 bytes received)
warning: spurious network error (3 tries remaining): [28] Timeout was reached (Operation timed out after 300591 milliseconds with 0 bytes received)
warning: spurious network error (3 tries remaining): [28] Timeout was reached (Operation timed out after 300591 milliseconds with 0 bytes received)
warning: spurious network error (3 tries remaining): [28] Timeout was reached (Operation timed out after 300591 milliseconds with 0 bytes received)
warning: spurious network error (3 tries remaining): [28] Timeout was reached (Operation timed out after 300591 milliseconds with 0 bytes received)
warning: spurious network error (3 tries remaining): [28] Timeout was reached (Operation timed out after 300591 milliseconds with 0 bytes received)
warning: spurious network error (3 tries remaining): [28] Timeout was reached (Operation timed out after 300591 milliseconds with 0 bytes received)
warning: spurious network error (3 tries remaining): [28] Timeout was reached (Operation timed out after 300591 milliseconds with 0 bytes received)
warning: spurious network error (3 tries remaining): [28] Timeout was reached (Operation timed out after 300591 milliseconds with 0 bytes received)
warning: spurious network error (3 tries remaining): [28] Timeout was reached (Operation timed out after 300591 milliseconds with 0 bytes received)
warning: spurious network error (3 tries remaining): [28] Timeout was reached (Operation timed out after 300591 milliseconds with 0 bytes received)
  Downloaded bytemuck v1.25.2
  Downloaded gemm-common v0.17.1
  Downloaded num_enum v0.7.6
  Downloaded serde_urlencoded v0.7.1
  Downloaded newtype_derive v0.1.6
  Downloaded r2d2 v0.8.10
  Downloaded tempfile v3.27.0
  Downloaded strum v0.26.3
  Downloaded tinystr v0.8.4
  Downloaded rgb v0.8.53
  Downloaded which v4.4.2
  Downloaded rand_chacha v0.9.0
  Downloaded wrapcenum-derive v0.4.1
  Downloaded anyhow v1.0.104
  Downloaded bitflags v2.13.2
  Downloaded num-integer v0.1.47
  Downloaded inout v0.1.4
  Downloaded cubecl-macros v0.6.0
  Downloaded rmp v0.8.15
  Downloaded v_frame v0.3.9
  Downloaded libloading v0.8.9
  Downloaded console v0.15.11
  Downloaded smallvec v1.16.1
  Downloaded lru v0.12.5
  Downloaded weezl v0.1.12
  Downloaded wgpu-core-deps-windows-linux-android v25.0.0
  Downloaded crossbeam-epoch v0.9.21
  Downloaded utf8_iter v1.0.4
  Downloaded gix-tempfile v17.1.0
  Downloaded gix-path v0.10.22
  Downloaded nvml-wrapper-sys v0.9.1
  Downloaded parking_lot v0.12.5
  Downloaded gemm v0.18.2
  Downloaded bincode v2.0.1
  Downloaded unty v0.0.4
  Downloaded vergen-git2 v9.1.0
  Downloaded lexical-parse-integer v1.0.6
  Downloaded strum_macros v0.27.2
  Downloaded signal-hook-registry v1.4.8
  Downloaded futures-timer v3.0.4
  Downloaded linear-map v1.2.0
  Downloaded codespan-reporting v0.12.0
  Downloaded burn v0.18.0
  Downloaded pin-project-internal v1.1.13
  Downloaded pin-project-lite v0.2.17
  Downloaded convert_case v0.10.0
  Downloaded unicode-xid v0.2.6
  Downloaded powerfmt v0.2.0
  Downloaded libdeflater v0.12.0
  Downloaded bitstream-io v4.10.0
  Downloaded allocator-api2 v0.2.21
  Downloaded gix-utils v0.3.6
  Downloaded uuid v1.26.1
  Downloaded synstructure v0.13.2
  Downloaded multimap v0.9.1
  Downloaded nalgebra-macros v0.1.0
  Downloaded idna_adapter v1.2.2
  Downloaded gemm-c64 v0.18.2
  Downloaded gif v0.14.2
  Downloaded once_cell v1.21.4
  Downloaded burn-fusion v0.18.0
  Downloaded burn-ndarray v0.18.0
  Downloaded burn-train v0.18.0
  Downloaded burn-dataset v0.18.0
  Downloaded bytes v1.12.1
  Downloaded clap v4.6.7
  Downloaded thiserror v2.0.20
  Downloaded burn-cubecl-fusion v0.18.0
  Downloaded potential_utf v0.1.6
  Downloaded utf8parse v0.2.2
  Downloaded zune-inflate v0.2.54
  Downloaded tokio-tungstenite v0.27.0
  Downloaded gpu-alloc v0.6.2
  Downloaded tracing-log v0.2.0
  Downloaded proc-macro-crate v3.5.0
  Downloaded webpki-roots v0.26.11
  Downloaded semver v1.0.28
  Downloaded hashlink v0.10.0
  Downloaded noodles-bgzf v0.42.0
  Downloaded spin v0.10.1
  Downloaded imgref v1.12.3
  Downloaded gix-features v0.42.1
  Downloaded ordered-float v5.5.0
  Downloaded serde_yaml v0.9.34+deprecated
  Downloaded signal-hook-mio v0.2.5
  Downloaded tokio-macros v2.7.2
  Downloaded profiling-procmacros v1.0.18
  Downloaded getrandom v0.4.3
  Downloaded base64 v0.22.1
  Downloaded burn-autodiff v0.18.0
  Downloaded burn-import v0.18.0
  Downloaded compact_str v0.8.2
  Downloaded burn-cubecl v0.18.0
  Downloaded bumpalo v3.20.3
  Downloaded terminal_size v0.4.4
  Downloaded variadics_please v1.1.0
  Downloaded rstest v0.25.0
  Downloaded sha2 v0.10.9
  Downloaded quote v1.0.47
  Downloaded rstest_macros v0.25.0
  Downloaded num-derive v0.4.2
  Downloaded itoa v1.0.18
  Downloaded renderdoc-sys v1.1.0
  Downloaded serde_derive v1.0.229
  Downloaded httparse v1.10.1
  Downloaded num-traits v0.2.19
  Downloaded vergen v9.1.0
  Downloaded zip v0.6.6
  Downloaded pin-project v1.1.13
  Downloaded rand_core v0.6.4
  Downloaded zerotrie v0.2.5
  Downloaded cc v1.4.7
  Downloaded glob v0.3.4
  Downloaded serde_spanned v1.1.1
  Downloaded num_threads v0.1.7
  Downloaded strsim v0.11.1
  Downloaded lebe v0.5.3
  Downloaded tracing-core v0.1.36
  Downloaded rand_core v0.9.5
  Downloaded untrusted v0.9.0
  Downloaded strum_macros v0.26.4
  Downloaded scopeguard v1.2.0
  Downloaded indicatif v0.17.11
  Downloaded sharded-slab v0.1.7
  Downloaded getrandom v0.2.17
  Downloaded flume v0.10.14
  Downloaded tower-service v0.3.3
  Downloaded scheduled-thread-pool v0.2.7
  Downloaded pulp-wasm-simd-flag v0.1.1
  Downloaded rand_distr v0.5.1
  Downloaded wasm-bindgen-macro v0.2.128
  Downloaded aes v0.8.4
  Downloaded macerator v0.2.10
  Downloaded protobuf-codegen v3.7.2
  Downloaded hmac v0.12.1
  Downloaded litrs v1.0.0
  Downloaded noodles-tabix v0.56.0
  Downloaded constant_time_eq v0.1.5
  Downloaded zune-jpeg v0.5.15
  Downloaded safe_arch v0.7.4
  Downloaded rmp-serde v1.3.1
  Downloaded http v1.5.0
  Downloaded num-complex v0.4.6
  Downloaded tracing-appender v0.2.5
  Downloaded futures-task v0.3.34
  Downloaded multimap v0.10.1
  Downloaded zstd-safe v5.0.2+zstd.1.5.2
  Downloaded tinyvec v1.13.3
  Downloaded static_assertions v1.1.0
  Downloaded no_std_io2 v0.9.4
  Downloaded gemm-f16 v0.17.1
  Downloaded thiserror-impl v2.0.20
  Downloaded getrandom v0.3.4
  Downloaded number_prefix v0.4.0
  Downloaded num_cpus v1.17.0
  Downloaded utf-8 v0.7.6
  Downloaded burn-core v0.18.0
  Downloaded rayon-core v1.13.0
  Downloaded noodles-fasta v0.55.0
  Downloaded simd-adler32 v0.3.10
  Downloaded sanitize-filename v0.6.0
  Downloaded nom v7.1.3
  Downloaded num-iter v0.1.46
  Downloaded parking_lot_core v0.9.12
  Downloaded ureq v2.12.1
  Downloaded nanorand v0.7.0
  Downloaded termcolor v1.4.1
  Downloaded minimal-lexical v0.2.1
  Downloaded statrs v0.16.1
  Downloaded yoke-derive v0.7.5
  Downloaded clap_builder v4.6.7
  Downloaded miniz_oxide v0.8.9
  Downloaded os_pipe v1.2.3
  Downloaded thiserror-impl v1.0.69
  Downloaded lexical-write-integer v1.0.6
  Downloaded rand_distr v0.4.3
  Downloaded rand v0.8.8
  Downloaded simba v0.9.1
  Downloaded strum_macros v0.25.3
  Downloaded noop_proc_macro v0.3.0
  Downloaded num-bigint v0.4.8
  Downloaded rand v0.9.5
  Downloaded hashbrown v0.17.1
  Downloaded wgpu-types v25.0.0
  Downloaded humantime v2.4.0
  Downloaded seq-macro v0.3.6
  Downloaded macerator-macros v0.1.5
  Downloaded strum v0.25.0
  Downloaded lexical-write-float v1.0.6
  Downloaded toml_writer v1.1.2+spec-1.1.0
  Downloaded sigchld v0.2.5
  Downloaded quick-error v2.0.1
  Downloaded heck v0.5.0
  Downloaded zstd v0.11.2+zstd.1.5.2
  Downloaded yoke v0.7.5
  Downloaded moxcms v0.8.1
  Downloaded indexmap v2.14.2
  Downloaded zip v1.1.4
  Downloaded socket2 v0.6.5
  Downloaded gemm-c32 v0.18.2
  Downloaded aho-corasick v1.1.5
  Downloaded axum v0.8.9
  Downloaded jobserver v0.1.35
  Downloaded percent-encoding v2.3.2
  Downloaded gemm-f16 v0.18.2
  Downloaded vergen-lib v9.1.0
  Downloaded roff v1.1.1
  Downloaded gemm-f32 v0.18.2
  Downloaded openssl-sys v0.9.117
  Downloaded toml_datetime v1.1.1+spec-1.1.0
  Downloaded is_terminal_polyfill v1.70.2
  Downloaded rawpointer v0.2.1
  Downloaded heck v0.4.1
  Downloaded zeroize v1.9.0
  Downloaded regex v1.13.1
  Downloaded log v0.4.34
  Downloaded bio v1.6.0
  Downloaded ident_case v1.0.1
  Downloaded ravif v0.13.0
  Downloaded unicode-segmentation v1.13.3
  Downloaded onnx-ir v0.18.0
  Downloaded paste v1.0.15
  Downloaded http-body-util v0.1.5
  Downloaded core_affinity v0.8.3
  Downloaded gpu-descriptor v0.3.2
  Downloaded hyper-util v0.1.20
  Downloaded http-body v1.1.0
  Downloaded hashbrown v0.15.5
  Downloaded sysinfo v0.36.1
  Downloaded icu_normalizer_data v2.3.0
  Downloaded gix-fs v0.15.0
  Downloaded bio v2.3.0
  Downloaded candle-core v0.8.4
  Downloaded litemap v0.8.3
  Downloaded rustc_version v0.4.1
  Downloaded tower v0.5.3
  Downloaded zerovec v0.11.8
  Downloaded wide v0.7.33
  Downloaded ryu v1.0.23
  Downloaded new_debug_unreachable v1.0.6
  Downloaded gemm-c64 v0.17.1
  Downloaded burn-tensor v0.18.0
  Downloaded maybe-rayon v0.1.1
  Downloaded yoke v0.8.3
  Downloaded shlex v2.0.1
  Downloaded tungstenite v0.27.0
  Downloaded tungstenite v0.29.0
  Downloaded time-macros v0.2.32
  Downloaded png v0.18.1
  Downloaded toml_edit v0.25.15+spec-1.1.0
  Downloaded lexical-core v1.0.6
  Downloaded ieee754 v0.2.6
  Downloaded itertools v0.14.0
  Downloaded pulp v0.21.5
  Downloaded nom v8.0.0
  Downloaded winnow v1.0.4
  Downloaded icu_properties_data v2.3.0
  Downloaded sysinfo v0.37.2
  Downloaded rayon v1.12.0
  Downloaded ndarray v0.15.6
  Downloaded itertools v0.11.0
  Downloaded torch-sys v0.19.0
  Downloaded wasm-bindgen v0.2.128
  Downloaded memchr v2.8.3
  Downloaded raw-cpuid v11.6.0
  Downloaded rand v0.10.2
  Downloaded qoi v0.4.1
  Downloaded hyper v1.11.1
  Downloaded webpki-roots v1.0.9
  Downloaded serde v1.0.229
  Downloaded raw-cpuid v10.7.0
  Downloaded libdeflate-sys v0.12.0
  Downloaded tiff v0.11.3
  Downloaded hashbrown v0.13.2
  Downloaded futures-util v0.3.34
  Downloaded lexical-parse-float v1.0.6
  Downloaded ndarray v0.16.1
  Downloaded hashbrown v0.14.5
  Downloaded pulp v0.18.22
  Downloaded unicode-width v0.1.14
  Downloaded molecular-annotation v0.0.3
  Downloaded nalgebra v0.29.0
  Downloaded bstr v1.13.1
  Downloaded portable-atomic v1.15.0
  Downloaded serde_json v1.0.151
  Downloaded statrs v0.18.0
  Downloaded wgpu-core v25.0.2
  Downloaded syn v1.0.109
  Downloaded rustix v0.38.44
  Downloaded syn v3.0.6
  Downloaded av-scenechange v0.14.1
  Downloaded git2 v0.20.4
  Downloaded vcpkg v0.2.15
  Downloaded unicode-width v0.2.0
  Downloaded tracing v0.1.44
  Downloaded regex-syntax v0.8.11
  Downloaded ash v0.38.0+1.3.281
  Downloaded rustls v0.23.45
  Downloaded ratatui v0.29.0
  Downloaded bzip2-sys v0.1.13+1.0.8
  Downloaded regex-automata v0.4.18
  Downloaded petgraph v0.6.5
  Downloaded icu_normalizer v2.3.0
  Downloaded naga v25.0.1
  Downloaded libc v0.2.189
  Downloaded libz-sys v1.1.29
  Downloaded stable_deref_trait v1.2.1
  Downloaded rav1e v0.8.1
  Downloaded ring v0.17.14
  Downloaded libgit2-sys v0.18.8+1.9.7
  Downloaded tch v0.19.0
  Downloaded linux-raw-sys v0.12.1
  Downloaded hts-sys v2.2.0
  Downloaded openssl-src v300.6.1+3.6.3
  Downloaded toml v0.9.12+spec-1.1.0
  Downloaded gpu-descriptor-types v0.2.0
  Downloaded tokio-tungstenite v0.29.0
  Downloaded darling_core v0.14.4
  Downloaded writeable v0.6.4
  Downloaded zerofrom v0.1.8
  Downloaded signal-hook v0.4.4
  Downloaded matchit v0.8.4
  Downloaded ug v0.1.0
  Downloaded gemm v0.17.1
  Downloaded cubecl-wgpu v0.6.0
  Downloaded gemm-f64 v0.18.2
  Downloaded ordered-float v3.9.2
  Downloaded instability v0.3.13
  Downloaded signal-hook v0.3.18
  Downloaded web-time v1.1.0
  Downloaded cubecl-cpp v0.6.0
  Downloaded sha1 v0.10.7
  Downloaded futures-macro v0.3.34
  Downloaded miniz_oxide v0.9.1
  Downloaded synstructure v0.14.0
  Downloaded gix-trace v0.1.21
  Downloaded spirv v0.3.0+sdk-1.3.268.0
  Downloaded darling_core v0.20.11
  Downloaded darling_core v0.21.3
  Downloaded rust-format v0.3.4
  Downloaded gemm-common v0.18.2
  Downloaded khronos-egl v6.0.0
  Downloaded serde_rusqlite v0.40.1
  Downloaded systemstat v0.2.7
  Downloaded unsafe-libyaml v0.2.11
  Downloaded cubecl-runtime v0.6.0
  Downloaded password-hash v0.4.2
  Downloaded noodles-bed v0.27.0
  Downloaded unicode-ident v1.0.26
  Downloaded rustls-pki-types v1.15.1
  Downloaded crossbeam-channel v0.5.17
  Downloaded flate2 v1.1.10
  Downloaded protobuf-parse v3.7.2
  Downloaded half v2.7.1
  Downloaded image-webp v0.2.4
  Downloaded icu_provider v2.3.1
  Downloaded darling_core v0.24.1
  Downloaded proc-macro2 v1.0.107
  Downloaded derive_more-impl v2.1.1
  Downloaded spin v0.9.9
  Downloaded gbdt v0.1.3
  Downloaded url v2.5.8
  Downloaded derive_more v2.1.1
  Downloaded cubecl-core v0.6.0
  Downloaded simba v0.6.0
  Downloaded cubecl-matmul v0.6.0
  Downloaded icu_collections v2.3.0
  Downloaded icu_locale_core v2.3.0
  Downloaded prettyplease v0.2.37
  Downloaded serde_core v1.0.229
  Downloaded crossterm v0.28.1
  Downloaded nvml-wrapper v0.11.0
  Downloaded icu_properties v2.3.0
  Downloaded rustls-webpki v0.103.15
  Downloaded itertools v0.10.5
  Downloaded typenum v1.20.1
  Downloaded wasm-bindgen-macro-support v0.2.128
  Downloaded lexical-util v1.0.7
  Downloaded zerocopy-derive v0.8.57
  Downloaded unicode-normalization v0.1.25
  Downloaded mio v1.2.3
  Downloaded libm v0.2.16
  Downloaded pulp v0.22.3
  Downloaded idna v1.1.0
  Downloaded itertools v0.13.0
  Downloaded winnow v0.7.15
  Downloaded rust-htslib v0.46.0
  Downloaded glow v0.16.0
  Downloaded wgpu v25.0.2
  Downloaded rusqlite v0.37.0
  Downloaded zlib-rs v0.6.8
  Downloaded tracing-subscriber v0.3.23
  Downloaded protobuf v3.7.2
  Downloaded exr v1.74.2
  Downloaded time v0.3.55
  Downloaded zerocopy v0.8.57
  Downloaded syn v2.0.119
  Downloaded image v0.25.10
  Downloaded wgpu-hal v25.0.2
  Downloaded cudarc v0.16.6
  Downloaded nalgebra v0.33.3
  Downloaded rustix v1.1.5
  Downloaded cubecl-hip-sys v6.4.4348400
  Downloaded lzma-sys v0.1.20
  Downloaded petgraph v0.8.3
  Downloaded zstd-sys v2.1.0+zstd.1.5.7
  Downloaded pxfm v0.1.30
  Downloaded csv v1.4.0
  Downloaded tokio v1.53.1
  Downloaded curl-sys v0.4.90+curl-8.21.0
  Downloaded gzp v0.11.3
  Downloaded linux-raw-sys v0.4.15
  Downloaded libsqlite3-sys v0.35.0
   Compiling proc-macro2 v1.0.107
   Compiling quote v1.0.47
   Compiling unicode-ident v1.0.26
   Compiling libc v0.2.189
   Compiling autocfg v1.5.1
   Compiling find-msvc-tools v0.1.13
   Compiling shlex v2.0.1
   Compiling serde_core v1.0.229
   Compiling libm v0.2.16
   Compiling serde v1.0.229
   Compiling cfg-if v1.0.5
   Compiling pkg-config v0.3.34
   Compiling zerocopy v0.8.57
   Compiling version_check v0.9.5
   Compiling getrandom v0.3.4
   Compiling crossbeam-utils v0.8.23
   Compiling vcpkg v0.2.15
   Compiling crc32fast v1.5.2
   Compiling paste v1.0.15
   Compiling zmij v1.0.23
   Compiling either v1.18.0
   Compiling log v0.4.34
   Compiling memchr v2.8.3
   Compiling crossbeam-epoch v0.9.21
   Compiling icu_normalizer_data v2.3.0
   Compiling icu_properties_data v2.3.0
   Compiling thiserror v1.0.69
   Compiling crossbeam-deque v0.8.8
   Compiling rayon-core v1.13.0
   Compiling anyhow v1.0.104
   Compiling once_cell v1.21.4
   Compiling stable_deref_trait v1.2.1
   Compiling equivalent v1.0.2
   Compiling rustversion v1.0.23
   Compiling typenum v1.20.1
   Compiling unicode-segmentation v1.13.3
   Compiling reborrow v0.5.5
   Compiling unicode-xid v0.2.6
   Compiling writeable v0.6.4
   Compiling litemap v0.8.3
   Compiling serde_json v1.0.151
   Compiling smallvec v1.16.1
   Compiling utf8_iter v1.0.4
   Compiling bitflags v2.13.2
   Compiling syn v1.0.109
   Compiling seq-macro v0.3.6
   Compiling itoa v1.0.18
   Compiling subtle v2.6.1
   Compiling adler2 v2.0.1
   Compiling fastrand v2.5.0
   Compiling ident_case v1.0.1
   Compiling hashbrown v0.17.1
   Compiling simd-adler32 v0.3.10
   Compiling fnv v1.0.7
   Compiling byteorder v1.5.0
   Compiling heck v0.5.0
   Compiling zstd-safe v5.0.2+zstd.1.5.2
   Compiling percent-encoding v2.3.2
   Compiling num-conv v0.2.2
   Compiling time-core v0.1.9
   Compiling deranged v0.5.8
   Compiling num_threads v0.1.7
   Compiling zlib-rs v0.6.8
   Compiling zeroize v1.9.0
   Compiling getrandom v0.4.3
   Compiling powerfmt v0.2.0
   Compiling rawpointer v0.2.1
   Compiling portable-atomic v1.15.0
   Compiling cpufeatures v0.2.17
   Compiling dyn-stack-macros v0.1.3
   Compiling scopeguard v1.2.0
   Compiling thiserror v2.0.20
   Compiling untrusted v0.9.0
   Compiling foldhash v0.1.5
   Compiling regex-syntax v0.8.11
   Compiling cubecl-common v0.6.0
   Compiling allocator-api2 v0.2.21
   Compiling rand_core v0.6.4
   Compiling futures-core v0.3.34
   Compiling rustix v1.1.5
   Compiling rustix v0.38.44
   Compiling parking v2.2.1
   Compiling rustls v0.23.45
   Compiling bitflags v1.3.2
   Compiling base64ct v1.8.3
   Compiling strsim v0.11.1
   Compiling futures-io v0.3.34
   Compiling pin-project-lite v0.2.17
   Compiling web-time v1.1.0
   Compiling lazy_static v1.5.0
   Compiling linux-raw-sys v0.4.15
   Compiling linux-raw-sys v0.12.1
   Compiling protobuf v3.7.2
   Compiling embassy-futures v0.1.2
   Compiling bytes v1.12.1
   Compiling winnow v1.0.4
   Compiling base64 v0.22.1
   Compiling constant_time_eq v0.1.5
   Compiling home v0.5.12
   Compiling semver v0.1.20
   Compiling colored v3.1.1
   Compiling toml_datetime v1.1.1+spec-1.1.0
   Compiling quick-error v1.2.3
   Compiling bit-vec v0.8.0
   Compiling camino v1.2.6
   Compiling lexical-util v1.0.7
   Compiling strsim v0.10.0
   Compiling feature-probe v0.1.1
   Compiling glob v0.3.4
   Compiling utf8parse v0.2.2
   Compiling unty v0.0.4
   Compiling uuid v1.26.1
   Compiling is_terminal_polyfill v1.70.2
   Compiling ryu v1.0.23
   Compiling burn-ndarray v0.18.0
   Compiling colorchoice v1.0.5
   Compiling signal-hook v0.4.4
   Compiling anstyle-query v1.1.5
   Compiling zip v1.1.4
   Compiling anstyle v1.0.14
   Compiling data-encoding v2.11.1
   Compiling nu-ansi-term v0.50.3
   Compiling atomic_float v1.1.0
   Compiling custom_derive v0.1.7
   Compiling clap_lex v1.1.1
   Compiling tch v0.19.0
   Compiling triple_accel v0.4.0
   Compiling bytecount v0.6.9
   Compiling editdistancek v1.0.2
   Compiling fixedbitset v0.5.7
   Compiling bit-vec v0.6.3
   Compiling futures-sink v0.3.34
   Compiling heck v0.4.1
   Compiling unicode-width v0.2.0
   Compiling ieee754 v0.2.6
   Compiling linear-map v1.2.0
   Compiling fixedbitset v0.4.2
   Compiling strum v0.26.3
   Compiling strum v0.25.0
   Compiling shared_thread v0.2.1
   Compiling roff v1.1.1
   Compiling num-traits v0.2.19
   Compiling generic-array v0.14.7
   Compiling convert_case v0.10.0
   Compiling indexmap v2.14.2
   Compiling miniz_oxide v0.9.1
   Compiling matrixmultiply v0.3.11
   Compiling form_urlencoded v1.2.2
   Compiling pulp v0.21.5
   Compiling rustls-pki-types v1.15.1
   Compiling lock_api v0.4.14
   Compiling raw-cpuid v11.6.0
   Compiling aho-corasick v1.1.5
   Compiling ahash v0.8.12
   Compiling password-hash v0.4.2
   Compiling raw-cpuid v10.7.0
   Compiling futures-lite v2.6.1
   Compiling rustc_version v0.1.7
   Compiling bstr v1.13.1
   Compiling fs-utils v1.1.4
   Compiling bv v0.11.1
   Compiling anstyle-parse v1.0.0
   Compiling tracing-core v0.1.36
   Compiling thread_local v1.1.10
   Compiling sharded-slab v0.1.7
   Compiling lexical-parse-integer v1.0.6
   Compiling libloading v0.8.9
   Compiling lexical-write-integer v1.0.6
   Compiling csv-core v0.1.13
   Compiling fxhash v0.2.1
   Compiling itertools v0.14.0
   Compiling bit-set v0.8.0
   Compiling itertools v0.11.0
   Compiling number_prefix v0.4.0
   Compiling unsafe-libyaml v0.2.11
   Compiling humantime v2.4.0
   Compiling termcolor v1.4.1
   Compiling colored v2.2.0
   Compiling itertools v0.10.5
   Compiling webpki-roots v1.0.9
   Compiling toml_parser v1.1.3+spec-1.1.0
   Compiling time v0.3.55
   Compiling spin v0.9.9
   Compiling bit-set v0.5.3
   Compiling newtype_derive v0.1.6
   Compiling noodles-core v0.18.0
   Compiling anstream v1.0.0
   Compiling tracing-log v0.2.0
   Compiling lexical-parse-float v1.0.6
   Compiling lexical-write-float v1.0.6
   Compiling petgraph v0.6.5
   Compiling flate2 v1.1.10
   Compiling regex-automata v0.4.18
   Compiling webpki-roots v0.26.11
   Compiling spin v0.10.1
   Compiling toml_edit v0.25.15+spec-1.1.0
   Compiling crossbeam-channel v0.5.17
   Compiling vergen-lib v9.1.0
   Compiling vergen v9.1.0
   Compiling vergen-git2 v9.1.0
   Compiling tracing-subscriber v0.3.23
   Compiling jobserver v0.1.35
   Compiling getrandom v0.2.17
   Compiling sysinfo v0.37.2
   Compiling syn v3.0.6
   Compiling syn v2.0.119
   Compiling num_cpus v1.17.0
   Compiling errno v0.3.14
   Compiling memmap2 v0.9.11
   Compiling os_pipe v1.2.3
   Compiling console v0.15.11
   Compiling atty v0.2.14
   Compiling cc v1.4.7
   Compiling rand_core v0.9.5
   Compiling lexical-core v1.0.6
   Compiling signal-hook-registry v1.4.8
   Compiling nanorand v0.7.0
   Compiling crypto-common v0.1.7
   Compiling block-buffer v0.10.4
   Compiling inout v0.1.4
   Compiling core_affinity v0.8.3
   Compiling proc-macro-crate v3.5.0
   Compiling digest v0.10.7
   Compiling cipher v0.4.4
   Compiling sigchld v0.2.5
   Compiling sha2 v0.10.9
   Compiling hmac v0.12.1
   Compiling sha1 v0.10.7
   Compiling aes v0.8.4
   Compiling num-integer v0.1.47
   Compiling approx v0.5.1
   Compiling rmp v0.8.15
   Compiling itertools-num v0.1.3
   Compiling ordered-float v5.5.0
   Compiling ordered-float v3.9.2
   Compiling shared_child v1.1.2
   Compiling which v4.4.2
   Compiling rayon v1.12.0
   Compiling tempfile v3.27.0
   Compiling pbkdf2 v0.11.0
   Compiling duct v1.1.2
   Compiling num-complex v0.4.6
   Compiling num-bigint v0.4.8
   Compiling num-iter v0.1.46
   Compiling cmake v0.1.58
   Compiling openssl-src v300.6.1+3.6.3
   Compiling serde_bytes v0.11.19
   Compiling csv v1.4.0
   Compiling bzip2-sys v0.1.13+1.0.8
   Compiling zstd-sys v2.1.0+zstd.1.5.7
   Compiling ring v0.17.14
   Compiling libz-sys v1.1.29
   Compiling curl-sys v0.4.90+curl-8.21.0
   Compiling lzma-sys v0.1.20
   Compiling libgit2-sys v0.18.8+1.9.7
   Compiling hts-sys v2.2.0
   Compiling libdeflate-sys v0.12.0
   Compiling burn-tch v0.18.0
   Compiling openssl-sys v0.9.117
   Compiling ndarray v0.16.1
   Compiling semver v1.0.28
   Compiling cargo-platform v0.3.3
   Compiling terminal_size v0.4.4
   Compiling clap_builder v4.6.7
   Compiling rustc_version v0.4.1
   Compiling regex v1.13.1
   Compiling num-rational v0.4.2
   Compiling darling_core v0.14.4
   Compiling rust-format v0.3.4
   Compiling synstructure v0.14.0
   Compiling nalgebra-macros v0.1.0
   Compiling derive-new v0.5.9
   Compiling bzip2 v0.4.4
   Compiling darling_core v0.20.11
   Compiling synstructure v0.13.2
   Compiling env_logger v0.9.3
   Compiling indicatif v0.17.11
   Compiling serde_derive v1.0.229
   Compiling bytemuck_derive v1.12.1
   Compiling zerofrom-derive v0.1.8
   Compiling yoke-derive v0.8.3
   Compiling displaydoc v0.2.7
   Compiling zerovec-derive v0.11.6
   Compiling thiserror-impl v2.0.20
   Compiling clap_derive v4.6.7
   Compiling zerocopy-derive v0.8.57
   Compiling thiserror-impl v1.0.69
   Compiling derive_more-impl v2.1.1
   Compiling derive-new v0.7.0
   Compiling strum_macros v0.26.4
   Compiling derive-new v0.6.0
   Compiling num_enum_derive v0.7.6
   Compiling tracing-attributes v0.1.31
   Compiling strum_macros v0.27.2
   Compiling enum-map-derive v0.17.0
   Compiling pin-project-internal v1.1.13
   Compiling strum_macros v0.25.3
   Compiling yoke-derive v0.7.5
   Compiling darling_macro v0.14.4
   Compiling libdeflater v0.12.0
   Compiling noodles-bgzf v0.42.0
   Compiling burn-derive v0.18.0
   Compiling enum-map v2.7.3
   Compiling bytemuck v1.25.2
   Compiling zerofrom v0.1.8
   Compiling tracing v0.1.44
   Compiling darling v0.14.4
   Compiling pin-project v1.1.13
   Compiling darling_macro v0.20.11
   Compiling num_enum v0.7.6
   Compiling yoke v0.8.3
   Compiling yoke v0.7.5
   Compiling flume v0.10.14
   Compiling dyn-stack v0.13.2
   Compiling dyn-stack v0.10.0
   Compiling safe_arch v0.7.4
   Compiling niffler v2.7.0
   Compiling protobuf-support v3.7.2
   Compiling noodles-csi v0.50.0
   Compiling noodles-fasta v0.55.0
   Compiling derive_builder_core v0.12.0
   Compiling zerovec v0.11.8
   Compiling zerotrie v0.2.5
   Compiling clap v4.6.7
   Compiling clap_complete v4.6.11
   Compiling clap_mangen v0.2.33
   Compiling strum v0.27.2
   Compiling wide v0.7.33
   Compiling bio-types v1.0.4
   Compiling derive_more v2.1.1
   Compiling gzp v0.11.3
   Compiling pulp v0.18.22
   Compiling num v0.4.3
   Compiling ndarray v0.15.6
   Compiling darling v0.20.11
   Compiling noodles-tabix v0.56.0
   Compiling derive_builder_core v0.20.2
   Compiling tinystr v0.8.4
   Compiling potential_utf v0.1.6
   Compiling derive_builder_macro v0.12.0
   Compiling icu_collections v2.3.0
   Compiling noodles-bed v0.27.0
   Compiling icu_locale_core v2.3.0
   Compiling hashbrown v0.15.5
   Compiling rmp-serde v1.3.1
   Compiling bincode v2.0.1
   Compiling cargo_metadata v0.23.1
   Compiling safetensors v0.4.5
   Compiling vec_map v0.8.2
   Compiling safetensors v0.3.3
   Compiling multimap v0.10.1
   Compiling multimap v0.9.1
   Compiling serde_yaml v0.9.34+deprecated
   Compiling derive_builder v0.12.0
   Compiling noodles v0.100.0
   Compiling derive_builder_macro v0.20.2
   Compiling rustls-webpki v0.103.15
   Compiling derive_builder v0.20.2
   Compiling icu_provider v2.3.1
   Compiling petgraph v0.8.3
   Compiling icu_properties v2.3.0
   Compiling icu_normalizer v2.3.0
   Compiling simba v0.9.1
   Compiling simba v0.6.0
   Compiling ppv-lite86 v0.2.21
   Compiling half v2.7.1
   Compiling protobuf-parse v3.7.2
   Compiling idna_adapter v1.2.2
   Compiling idna v1.1.0
   Compiling rand_chacha v0.9.0
   Compiling rand v0.9.5
   Compiling url v2.5.8
   Compiling rand_chacha v0.3.1
   Compiling rand v0.8.8
   Compiling protobuf-codegen v3.7.2
   Compiling rand_distr v0.5.1
   Compiling burn-common v0.18.0
   Compiling burn-tensor v0.18.0
   Compiling rand_distr v0.4.3
   Compiling gbdt v0.1.3
   Compiling zstd v0.11.2+zstd.1.5.2
   Compiling zip v0.6.6
   Compiling ureq v2.12.1
   Compiling onnx-ir v0.18.0
   Compiling gemm-common v0.18.2
   Compiling gemm-common v0.17.1
   Compiling gemm-f32 v0.17.1
   Compiling gemm-f64 v0.17.1
   Compiling gemm-c32 v0.17.1
   Compiling gemm-c64 v0.17.1
   Compiling gemm-f32 v0.18.2
   Compiling gemm-f64 v0.18.2
   Compiling gemm-c64 v0.18.2
   Compiling gemm-c32 v0.18.2
   Compiling nalgebra v0.29.0
   Compiling nalgebra v0.33.3
   Compiling gemm-f16 v0.17.1
   Compiling gemm-f16 v0.18.2
   Compiling gemm v0.17.1
   Compiling burn-core v0.18.0
   Compiling burn-ir v0.18.0
   Compiling git2 v0.20.4
   Compiling gemm v0.18.2
   Compiling torch-sys v0.19.0
   Compiling ug v0.1.0
   Compiling rust-htslib v0.46.0
   Compiling candle-core v0.8.4
   Compiling burn v0.18.0
   Compiling burn-import v0.18.0
   Compiling statrs v0.18.0
   Compiling burn-candle v0.18.0
   Compiling statrs v0.16.1
   Compiling bio v2.3.0
   Compiling fibertools-rs v0.13.1
   Compiling bio v1.6.0
   Compiling molecular-annotation v0.0.3
    Finished `release` profile [optimized] target(s) in 40m 25s
  Installing /opt/conda/.cargo/bin/ft
   Installed package `fibertools-rs v0.13.1` (executable `ft`)
warning: be sure to add `/opt/conda/.cargo/bin` to your PATH to be able to run the installed binaries
fibertools-rs v0.13.1	git-commit VERGEN_
rm: cannot remove '/tmp/Rtmp0BRJbH': Operation not permitted
rm: cannot remove '/tmp/Rtmp0dOZSm': Operation not permitted
rm: cannot remove '/tmp/Rtmp0sd7Aa': Operation not permitted
rm: cannot remove '/tmp/Rtmp1UzuzI': Operation not permitted
rm: cannot remove '/tmp/Rtmp2gZSTS': Operation not permitted
rm: cannot remove '/tmp/Rtmp3kAK9R': Operation not permitted
rm: cannot remove '/tmp/Rtmp3pa2Kg': Operation not permitted
rm: cannot remove '/tmp/Rtmp4MjQG6': Operation not permitted
rm: cannot remove '/tmp/Rtmp4pP2Qw': Operation not permitted
rm: cannot remove '/tmp/Rtmp5HUCNk': Operation not permitted
rm: cannot remove '/tmp/Rtmp5xgHZL': Operation not permitted
rm: cannot remove '/tmp/Rtmp6Ch9OC': Operation not permitted
rm: cannot remove '/tmp/Rtmp6kxFxs': Operation not permitted
rm: cannot remove '/tmp/Rtmp6mLYis': Operation not permitted
rm: cannot remove '/tmp/Rtmp7Wbc2U': Operation not permitted
rm: cannot remove '/tmp/Rtmp8EbTkZ': Operation not permitted
rm: cannot remove '/tmp/Rtmp8SA0Uq': Operation not permitted
rm: cannot remove '/tmp/Rtmp8ylxPo': Operation not permitted
rm: cannot remove '/tmp/Rtmp990cPn': Operation not permitted
rm: cannot remove '/tmp/Rtmp9InW0W': Operation not permitted
rm: cannot remove '/tmp/Rtmp9zqBxM': Operation not permitted
rm: cannot remove '/tmp/RtmpATjUUH': Operation not permitted
rm: cannot remove '/tmp/RtmpAaC9NA': Operation not permitted
rm: cannot remove '/tmp/RtmpAeWjw4': Operation not permitted
rm: cannot remove '/tmp/RtmpAmfZpT': Operation not permitted
rm: cannot remove '/tmp/RtmpAohbod': Operation not permitted
rm: cannot remove '/tmp/RtmpBBT1Tn': Operation not permitted
rm: cannot remove '/tmp/RtmpBPw6aw': Operation not permitted
rm: cannot remove '/tmp/RtmpCgAY54': Operation not permitted
rm: cannot remove '/tmp/RtmpCiexWA': Operation not permitted
rm: cannot remove '/tmp/RtmpCqspVM': Operation not permitted
rm: cannot remove '/tmp/RtmpEmmr8L': Operation not permitted
rm: cannot remove '/tmp/RtmpF3Q5N2': Operation not permitted
rm: cannot remove '/tmp/RtmpFDBTND': Operation not permitted
rm: cannot remove '/tmp/RtmpFSrAWc': Operation not permitted
rm: cannot remove '/tmp/RtmpFrlRjy': Operation not permitted
rm: cannot remove '/tmp/RtmpFt3fDV': Operation not permitted
rm: cannot remove '/tmp/RtmpH2tiLR': Operation not permitted
rm: cannot remove '/tmp/RtmpH7RP59': Operation not permitted
rm: cannot remove '/tmp/RtmpHUKpGS': Operation not permitted
rm: cannot remove '/tmp/RtmpHUcs2g': Operation not permitted
rm: cannot remove '/tmp/RtmpHVciS9': Operation not permitted
rm: cannot remove '/tmp/RtmpHvLDP5': Operation not permitted
rm: cannot remove '/tmp/RtmpI4u37Z': Operation not permitted
rm: cannot remove '/tmp/RtmpIYN8JT': Operation not permitted
rm: cannot remove '/tmp/RtmpIzpbkh': Operation not permitted
rm: cannot remove '/tmp/RtmpJDEPHh': Operation not permitted
rm: cannot remove '/tmp/RtmpJmgTpq': Operation not permitted
rm: cannot remove '/tmp/RtmpJuC8xd': Operation not permitted
rm: cannot remove '/tmp/RtmpL7PZLX': Operation not permitted
rm: cannot remove '/tmp/RtmpLUB2DK': Operation not permitted
rm: cannot remove '/tmp/RtmpLgGudR': Operation not permitted
rm: cannot remove '/tmp/RtmpLpVuy0': Operation not permitted
rm: cannot remove '/tmp/RtmpLpuNhx': Operation not permitted
rm: cannot remove '/tmp/RtmpMW6N7f': Operation not permitted
rm: cannot remove '/tmp/RtmpMv93dl': Operation not permitted
rm: cannot remove '/tmp/RtmpO8rWEX': Operation not permitted
rm: cannot remove '/tmp/RtmpOAy2hE': Operation not permitted
rm: cannot remove '/tmp/RtmpPuDcGE': Operation not permitted
rm: cannot remove '/tmp/RtmpQ4blQ6': Operation not permitted
rm: cannot remove '/tmp/RtmpQXMAdt': Operation not permitted
rm: cannot remove '/tmp/RtmpQqgTtw': Operation not permitted
rm: cannot remove '/tmp/RtmpRQba7T': Operation not permitted
rm: cannot remove '/tmp/RtmpRmyvii': Operation not permitted
rm: cannot remove '/tmp/RtmpRzdgI4': Operation not permitted
rm: cannot remove '/tmp/RtmpSjSNCm': Operation not permitted
rm: cannot remove '/tmp/RtmpTWpCtR': Operation not permitted
rm: cannot remove '/tmp/RtmpUG7bza': Operation not permitted
rm: cannot remove '/tmp/RtmpUMQAkr': Operation not permitted
rm: cannot remove '/tmp/RtmpUc4djW': Operation not permitted
rm: cannot remove '/tmp/RtmpW4Ux3d': Operation not permitted
rm: cannot remove '/tmp/RtmpXFJnEF': Operation not permitted
rm: cannot remove '/tmp/RtmpYC5H1D': Operation not permitted
rm: cannot remove '/tmp/RtmpZZxrSt': Operation not permitted
rm: cannot remove '/tmp/RtmpZkhtiW': Operation not permitted
rm: cannot remove '/tmp/Rtmpa5R6u6': Operation not permitted
rm: cannot remove '/tmp/RtmpaTyubV': Operation not permitted
rm: cannot remove '/tmp/RtmpaYIUvv': Operation not permitted
rm: cannot remove '/tmp/RtmpawoUJt': Operation not permitted
rm: cannot remove '/tmp/Rtmpbku8xl': Operation not permitted
rm: cannot remove '/tmp/RtmpbmSvRE': Operation not permitted
rm: cannot remove '/tmp/RtmpboFz0R': Operation not permitted
rm: cannot remove '/tmp/RtmpbuzkfN': Operation not permitted
rm: cannot remove '/tmp/RtmpcUzK0d': Operation not permitted
rm: cannot remove '/tmp/Rtmpct9Y45': Operation not permitted
rm: cannot remove '/tmp/RtmpdlUyzr': Operation not permitted
rm: cannot remove '/tmp/RtmpezYRoA': Operation not permitted
rm: cannot remove '/tmp/RtmpfTRzcu': Operation not permitted
rm: cannot remove '/tmp/RtmpgQrKah': Operation not permitted
rm: cannot remove '/tmp/RtmphR1JBc': Operation not permitted
rm: cannot remove '/tmp/RtmpiuH29c': Operation not permitted
rm: cannot remove '/tmp/RtmpjYzeWL': Operation not permitted
rm: cannot remove '/tmp/RtmpjdX4oB': Operation not permitted
rm: cannot remove '/tmp/RtmplFMWaw': Operation not permitted
rm: cannot remove '/tmp/RtmplHqzQm': Operation not permitted
rm: cannot remove '/tmp/RtmplOPEx6': Operation not permitted
rm: cannot remove '/tmp/RtmpnCfzBB': Operation not permitted
rm: cannot remove '/tmp/RtmpoQCEgQ': Operation not permitted
rm: cannot remove '/tmp/RtmpoZJS0L': Operation not permitted
rm: cannot remove '/tmp/RtmppPageY': Operation not permitted
rm: cannot remove '/tmp/RtmppStuFO': Operation not permitted
rm: cannot remove '/tmp/RtmppUCv8w': Operation not permitted
rm: cannot remove '/tmp/RtmpqOwsY6': Operation not permitted
rm: cannot remove '/tmp/Rtmpqi94Wa': Operation not permitted
rm: cannot remove '/tmp/Rtmpqme2vW': Operation not permitted
rm: cannot remove '/tmp/RtmprKxwQ3': Operation not permitted
rm: cannot remove '/tmp/Rtmps8GStd': Operation not permitted
rm: cannot remove '/tmp/RtmptDxSb9': Operation not permitted
rm: cannot remove '/tmp/RtmpvPSXec': Operation not permitted
rm: cannot remove '/tmp/RtmpvuCdyy': Operation not permitted
rm: cannot remove '/tmp/Rtmpw4eNlt': Operation not permitted
rm: cannot remove '/tmp/RtmpxPHkss': Operation not permitted
rm: cannot remove '/tmp/RtmpxVkpnt': Operation not permitted
rm: cannot remove '/tmp/RtmpxmJVbZ': Operation not permitted
rm: cannot remove '/tmp/Rtmpxpwcmu': Operation not permitted
rm: cannot remove '/tmp/Rtmpy0TIoX': Operation not permitted
rm: cannot remove '/tmp/RtmpyVPFjr': Operation not permitted
rm: cannot remove '/tmp/RtmpysBTGY': Operation not permitted
rm: cannot remove '/tmp/RtmpzY7oFB': Operation not permitted
rm: cannot remove '/tmp/build-temp-2560786517/rootfs/.singularity.d/libs': Device or resource busy
rm: cannot remove '/tmp/build-temp-2560786517/rootfs/dev': Device or resource busy
rm: cannot remove '/tmp/build-temp-2560786517/rootfs/var/tmp': Device or resource busy
rm: cannot remove '/tmp/build-temp-2560786517/rootfs/tmp': Device or resource busy
rm: cannot remove '/tmp/build-temp-2560786517/rootfs/etc/resolv.conf': Device or resource busy
rm: cannot remove '/tmp/build-temp-2560786517/rootfs/etc/hosts': Device or resource busy
rm: cannot remove '/tmp/build-temp-2560786517/rootfs/proc': Device or resource busy
rm: cannot remove '/tmp/build-temp-2560786517/rootfs/sys': Device or resource busy
rm: cannot remove '/tmp/claude-1003': Operation not permitted
rm: cannot remove '/tmp/claude-1020': Operation not permitted
rm: cannot remove '/tmp/code-15f4d8fe-eafa-40b2-94e9-54f902f5d8cc': Operation not permitted
rm: cannot remove '/tmp/code-427a172f-de77-4975-938a-47eb5d1ce605': Operation not permitted
rm: cannot remove '/tmp/code-4a82623f-0417-4a5a-9f50-68491db5368f': Operation not permitted
rm: cannot remove '/tmp/code-67ceb0b4-c226-471d-9985-387386b2d78d': Operation not permitted
rm: cannot remove '/tmp/code-699c4e2a-30aa-4751-bdec-a4170c0906cb': Operation not permitted
rm: cannot remove '/tmp/code-74953574-5fc5-4401-a2e8-9d3265bd44a8': Operation not permitted
rm: cannot remove '/tmp/code-c5884204-0b39-419c-9357-ecd4295165b2': Operation not permitted
rm: cannot remove '/tmp/code-f95cc630-349d-4a0d-b0f4-d2df58b4f3e2': Operation not permitted
rm: cannot remove '/tmp/codex-bwrap-synthetic-mount-targets-1003/lock': Permission denied
rm: cannot remove '/tmp/codex-x86_64-unknown-linux-musl': Operation not permitted
rm: cannot remove '/tmp/frpc.2026-09-17.log': Operation not permitted
rm: cannot remove '/tmp/frpc.2026-09-18.log': Operation not permitted
rm: cannot remove '/tmp/frpc.log': Operation not permitted
rm: cannot remove '/tmp/gdm3-config-err-hsBRpU': Operation not permitted
rm: cannot remove '/tmp/gitkraken': Operation not permitted
rm: cannot remove '/tmp/gkinstall1007839634': Operation not permitted
rm: cannot remove '/tmp/gkinstall2615139367': Operation not permitted
rm: cannot remove '/tmp/hsperfdata_root/1312880': Permission denied
rm: cannot remove '/tmp/hsperfdata_wbq': Operation not permitted
rm: cannot remove '/tmp/mcp-1Li570': Operation not permitted
rm: cannot remove '/tmp/mcp-1hcEhf': Operation not permitted
rm: cannot remove '/tmp/mcp-1hvXaE': Operation not permitted
rm: cannot remove '/tmp/mcp-1kRpEJ': Operation not permitted
rm: cannot remove '/tmp/mcp-2U4Ric': Operation not permitted
rm: cannot remove '/tmp/mcp-2UIufD': Operation not permitted
rm: cannot remove '/tmp/mcp-4HJeaa': Operation not permitted
rm: cannot remove '/tmp/mcp-4oGXqH': Operation not permitted
rm: cannot remove '/tmp/mcp-5TkMvY': Operation not permitted
rm: cannot remove '/tmp/mcp-5aFQGa': Operation not permitted
rm: cannot remove '/tmp/mcp-6Oh4xt': Operation not permitted
rm: cannot remove '/tmp/mcp-8Db7ex': Operation not permitted
rm: cannot remove '/tmp/mcp-93LLXY': Operation not permitted
rm: cannot remove '/tmp/mcp-9KaoMP': Operation not permitted
rm: cannot remove '/tmp/mcp-BW99rx': Operation not permitted
rm: cannot remove '/tmp/mcp-BdnArQ': Operation not permitted
rm: cannot remove '/tmp/mcp-C97lnG': Operation not permitted
rm: cannot remove '/tmp/mcp-CyscHd': Operation not permitted
rm: cannot remove '/tmp/mcp-DC22TK': Operation not permitted
rm: cannot remove '/tmp/mcp-F5QsmL': Operation not permitted
rm: cannot remove '/tmp/mcp-FXPbWv': Operation not permitted
rm: cannot remove '/tmp/mcp-JABiZa': Operation not permitted
rm: cannot remove '/tmp/mcp-JUYFMp': Operation not permitted
rm: cannot remove '/tmp/mcp-KsnlQR': Operation not permitted
rm: cannot remove '/tmp/mcp-Ku6sjq': Operation not permitted
rm: cannot remove '/tmp/mcp-KyyeUL': Operation not permitted
rm: cannot remove '/tmp/mcp-LLJb6f': Operation not permitted
rm: cannot remove '/tmp/mcp-LaqXzn': Operation not permitted
rm: cannot remove '/tmp/mcp-M1Owk6': Operation not permitted
rm: cannot remove '/tmp/mcp-OI9AJB': Operation not permitted
rm: cannot remove '/tmp/mcp-OSyO7S': Operation not permitted
rm: cannot remove '/tmp/mcp-PMpAYc': Operation not permitted
rm: cannot remove '/tmp/mcp-Q5M3n9': Operation not permitted
rm: cannot remove '/tmp/mcp-RT6l7g': Operation not permitted
rm: cannot remove '/tmp/mcp-RjmOck': Operation not permitted
rm: cannot remove '/tmp/mcp-SOYNqm': Operation not permitted
rm: cannot remove '/tmp/mcp-T74n3y': Operation not permitted
rm: cannot remove '/tmp/mcp-TSfF40': Operation not permitted
rm: cannot remove '/tmp/mcp-TtHsN6': Operation not permitted
rm: cannot remove '/tmp/mcp-UdqJIs': Operation not permitted
rm: cannot remove '/tmp/mcp-V1tgMv': Operation not permitted
rm: cannot remove '/tmp/mcp-VQPTOY': Operation not permitted
rm: cannot remove '/tmp/mcp-VYmEjf': Operation not permitted
rm: cannot remove '/tmp/mcp-WLDuFz': Operation not permitted
rm: cannot remove '/tmp/mcp-XRcJ3q': Operation not permitted
rm: cannot remove '/tmp/mcp-XXPmfH': Operation not permitted
rm: cannot remove '/tmp/mcp-XsNIzQ': Operation not permitted
rm: cannot remove '/tmp/mcp-Y32Qg1': Operation not permitted
rm: cannot remove '/tmp/mcp-Y3AShk': Operation not permitted
rm: cannot remove '/tmp/mcp-aImhWZ': Operation not permitted
rm: cannot remove '/tmp/mcp-aasWVP': Operation not permitted
rm: cannot remove '/tmp/mcp-bPyBHH': Operation not permitted
rm: cannot remove '/tmp/mcp-drwI1R': Operation not permitted
rm: cannot remove '/tmp/mcp-eVwqTO': Operation not permitted
rm: cannot remove '/tmp/mcp-f1Exby': Operation not permitted
rm: cannot remove '/tmp/mcp-fJWPTO': Operation not permitted
rm: cannot remove '/tmp/mcp-gnlqfd': Operation not permitted
rm: cannot remove '/tmp/mcp-hRfFfN': Operation not permitted
rm: cannot remove '/tmp/mcp-hv4avs': Operation not permitted
rm: cannot remove '/tmp/mcp-iTRxuT': Operation not permitted
rm: cannot remove '/tmp/mcp-j4qVmt': Operation not permitted
rm: cannot remove '/tmp/mcp-jtY6Vy': Operation not permitted
rm: cannot remove '/tmp/mcp-jvhNvU': Operation not permitted
rm: cannot remove '/tmp/mcp-lrQ6Cg': Operation not permitted
rm: cannot remove '/tmp/mcp-mXbfRi': Operation not permitted
rm: cannot remove '/tmp/mcp-nPHR9A': Operation not permitted
rm: cannot remove '/tmp/mcp-oXaxKH': Operation not permitted
rm: cannot remove '/tmp/mcp-rcIsrU': Operation not permitted
rm: cannot remove '/tmp/mcp-sfWUOt': Operation not permitted
rm: cannot remove '/tmp/mcp-t0mi8s': Operation not permitted
rm: cannot remove '/tmp/mcp-ulaJ28': Operation not permitted
rm: cannot remove '/tmp/mcp-vHxXPs': Operation not permitted
rm: cannot remove '/tmp/mcp-vxq47y': Operation not permitted
rm: cannot remove '/tmp/mcp-w7UCrY': Operation not permitted
rm: cannot remove '/tmp/mcp-wWvEQj': Operation not permitted
rm: cannot remove '/tmp/mcp-xGERez': Operation not permitted
rm: cannot remove '/tmp/mcp-xf1A93': Operation not permitted
rm: cannot remove '/tmp/mcp-zyB7zn': Operation not permitted
rm: cannot remove '/tmp/node-compile-cache/v22.23.2-x64-9de703df-0/9a9f2251': Permission denied
rm: cannot remove '/tmp/node-compile-cache/v22.23.2-x64-9de703df-0/660988f2': Permission denied
rm: cannot remove '/tmp/node-compile-cache/v22.23.2-x64-9de703df-0/1ac49b5c': Permission denied
rm: cannot remove '/tmp/node-compile-cache/v22.23.2-x64-9de703df-0/47ede548': Permission denied
rm: cannot remove '/tmp/node-compile-cache/v22.23.2-x64-9de703df-0/1e79468d': Permission denied
rm: cannot remove '/tmp/node-compile-cache/v22.23.2-x64-9de703df-0/1172e634': Permission denied
rm: cannot remove '/tmp/node-compile-cache/v22.23.2-x64-9de703df-0/ad4a0ba9': Permission denied
rm: cannot remove '/tmp/node-compile-cache/v22.23.2-x64-9de703df-0/7b43029f': Permission denied
rm: cannot remove '/tmp/node-compile-cache/v22.23.2-x64-9de703df-0/4f7636c4': Permission denied
rm: cannot remove '/tmp/node-compile-cache/v22.23.2-x64-9de703df-0/0b2855c5': Permission denied
rm: cannot remove '/tmp/node-compile-cache/v22.23.2-x64-9de703df-0/defb5d31': Permission denied
rm: cannot remove '/tmp/node-compile-cache/v22.23.2-x64-9de703df-0/091ce0e2': Permission denied
rm: cannot remove '/tmp/node-compile-cache/v22.23.2-x64-9de703df-0/32c3690e': Permission denied
rm: cannot remove '/tmp/node-compile-cache/v22.23.2-x64-9de703df-0/52fc01a1': Permission denied
rm: cannot remove '/tmp/node-compile-cache/v22.23.2-x64-9de703df-0/7fe03be4': Permission denied
rm: cannot remove '/tmp/node-compile-cache/v22.23.2-x64-9de703df-0/48aa5edb': Permission denied
rm: cannot remove '/tmp/node-compile-cache/v22.23.2-x64-9de703df-0/ffd896a0': Permission denied
rm: cannot remove '/tmp/node-compile-cache/v22.23.2-x64-9de703df-0/6824ca7e': Permission denied
rm: cannot remove '/tmp/node-compile-cache/v22.23.2-x64-9de703df-0/7ba1b446': Permission denied
rm: cannot remove '/tmp/node-compile-cache/v22.23.2-x64-9de703df-0/7bbd0f9a': Permission denied
rm: cannot remove '/tmp/node-compile-cache/v22.23.2-x64-9de703df-0/7d2c66fe': Permission denied
rm: cannot remove '/tmp/node-compile-cache/v22.23.2-x64-9de703df-0/c4aca27d': Permission denied
rm: cannot remove '/tmp/node-compile-cache/v22.23.2-x64-9de703df-0/250f9c68': Permission denied
rm: cannot remove '/tmp/node-compile-cache/v22.23.2-x64-9de703df-0/c0c83417': Permission denied
rm: cannot remove '/tmp/node-compile-cache/v22.23.2-x64-9de703df-0/ecc4bf5b': Permission denied
rm: cannot remove '/tmp/node-compile-cache/v22.23.2-x64-9de703df-0/99b6a49a': Permission denied
rm: cannot remove '/tmp/node-compile-cache/v22.23.2-x64-9de703df-0/92e8e3a2': Permission denied
rm: cannot remove '/tmp/node-compile-cache/v22.23.2-x64-9de703df-0/3c07ab31': Permission denied
rm: cannot remove '/tmp/node-compile-cache/v22.23.2-x64-9de703df-0/45efdcd8': Permission denied
rm: cannot remove '/tmp/node-compile-cache/v22.23.2-x64-9de703df-0/d1a24e6b': Permission denied
rm: cannot remove '/tmp/node-compile-cache/v22.23.2-x64-9de703df-0/d449cc90': Permission denied
rm: cannot remove '/tmp/node-compile-cache/v22.23.2-x64-9de703df-0/7566a99c': Permission denied
rm: cannot remove '/tmp/node-compile-cache/v22.23.2-x64-9de703df-0/4fe1f8a6': Permission denied
rm: cannot remove '/tmp/node-compile-cache/v22.23.2-x64-9de703df-0/41847ab3': Permission denied
rm: cannot remove '/tmp/node-compile-cache/v22.23.2-x64-9de703df-0/3a521e90': Permission denied
rm: cannot remove '/tmp/node-compile-cache/v22.23.2-x64-9de703df-0/8d72fcbe': Permission denied
rm: cannot remove '/tmp/node-compile-cache/v22.23.2-x64-9de703df-0/67ae60c6': Permission denied
rm: cannot remove '/tmp/node-compile-cache/v22.23.2-x64-9de703df-0/079d197c': Permission denied
rm: cannot remove '/tmp/node-compile-cache/v22.23.2-x64-9de703df-0/acddb56f': Permission denied
rm: cannot remove '/tmp/node-compile-cache/v22.23.2-x64-9de703df-0/e45fd827': Permission denied
rm: cannot remove '/tmp/node-compile-cache/v22.23.2-x64-9de703df-0/7f487c26': Permission denied
rm: cannot remove '/tmp/node-compile-cache/v22.23.2-x64-9de703df-0/3c39e184': Permission denied
rm: cannot remove '/tmp/node-compile-cache/v22.23.2-x64-9de703df-0/71bde3a2': Permission denied
rm: cannot remove '/tmp/node-compile-cache/v22.23.2-x64-9de703df-0/2357f5d4': Permission denied
rm: cannot remove '/tmp/node-compile-cache/v22.23.2-x64-9de703df-0/303a53bd': Permission denied
rm: cannot remove '/tmp/node-compile-cache/v22.23.2-x64-9de703df-0/4d531b7f': Permission denied
rm: cannot remove '/tmp/node-compile-cache/v22.23.2-x64-9de703df-0/e49015d8': Permission denied
rm: cannot remove '/tmp/node-compile-cache/v22.23.2-x64-9de703df-0/5f1df0eb': Permission denied
rm: cannot remove '/tmp/node-compile-cache/v22.23.2-x64-9de703df-0/298138b1': Permission denied
rm: cannot remove '/tmp/node-compile-cache/v22.23.2-x64-9de703df-0/304a34e9': Permission denied
rm: cannot remove '/tmp/node-compile-cache/v22.23.2-x64-9de703df-0/cb24812a': Permission denied
rm: cannot remove '/tmp/node-compile-cache/v22.23.2-x64-9de703df-0/b9b788a7': Permission denied
rm: cannot remove '/tmp/node-compile-cache/v22.23.2-x64-9de703df-0/58a86747': Permission denied
rm: cannot remove '/tmp/node-compile-cache/v22.23.2-x64-9de703df-0/d149043c': Permission denied
rm: cannot remove '/tmp/node-compile-cache/v22.23.2-x64-9de703df-0/6b685747': Permission denied
rm: cannot remove '/tmp/node-compile-cache/v22.23.2-x64-9de703df-0/973c40c2': Permission denied
rm: cannot remove '/tmp/node-compile-cache/v22.23.2-x64-9de703df-0/875d5b8b': Permission denied
rm: cannot remove '/tmp/node-compile-cache/v22.23.2-x64-9de703df-0/437deda3': Permission denied
rm: cannot remove '/tmp/node-compile-cache/v22.23.2-x64-9de703df-0/16b76a41': Permission denied
rm: cannot remove '/tmp/node-compile-cache/v22.23.2-x64-9de703df-0/f544413c': Permission denied
rm: cannot remove '/tmp/node-compile-cache/v22.23.2-x64-9de703df-0/87e9eef0': Permission denied
rm: cannot remove '/tmp/node-compile-cache/v22.23.2-x64-9de703df-0/d9a8a787': Permission denied
rm: cannot remove '/tmp/node-compile-cache/v22.23.2-x64-9de703df-0/c5596213': Permission denied
rm: cannot remove '/tmp/node-compile-cache/v22.23.2-x64-9de703df-0/465030ee': Permission denied
rm: cannot remove '/tmp/node-compile-cache/v22.23.2-x64-9de703df-0/2ecc8411': Permission denied
rm: cannot remove '/tmp/node-compile-cache/v22.23.2-x64-9de703df-0/b18f607b': Permission denied
rm: cannot remove '/tmp/node-compile-cache/v22.23.2-x64-9de703df-0/e3019385': Permission denied
rm: cannot remove '/tmp/node-compile-cache/v22.23.2-x64-9de703df-0/ce3fa832': Permission denied
rm: cannot remove '/tmp/node-compile-cache/v22.23.2-x64-9de703df-0/046957ae': Permission denied
rm: cannot remove '/tmp/node-compile-cache/v22.23.2-x64-9de703df-0/3c3ab2f4': Permission denied
rm: cannot remove '/tmp/node-compile-cache/v22.23.2-x64-9de703df-0/10d84fd3': Permission denied
rm: cannot remove '/tmp/node-compile-cache/v22.23.2-x64-9de703df-0/d90c912c': Permission denied
rm: cannot remove '/tmp/node-compile-cache/v22.23.2-x64-9de703df-0/158a58e3': Permission denied
rm: cannot remove '/tmp/node-compile-cache/v22.23.2-x64-9de703df-0/09dde953': Permission denied
rm: cannot remove '/tmp/node-compile-cache/v22.23.2-x64-9de703df-0/70ea9bd2': Permission denied
rm: cannot remove '/tmp/node-compile-cache/v22.23.2-x64-9de703df-0/d4a49a25': Permission denied
rm: cannot remove '/tmp/node-compile-cache/v22.23.2-x64-9de703df-0/15dac900': Permission denied
rm: cannot remove '/tmp/node-compile-cache/v22.23.2-x64-9de703df-0/77f31fbb': Permission denied
rm: cannot remove '/tmp/node-compile-cache/v22.23.2-x64-9de703df-0/71c316ce': Permission denied
rm: cannot remove '/tmp/node-compile-cache/v22.23.2-x64-9de703df-0/c29f3de2': Permission denied
rm: cannot remove '/tmp/node-compile-cache/v22.23.2-x64-9de703df-0/c191be05': Permission denied
rm: cannot remove '/tmp/node-compile-cache/v22.23.2-x64-9de703df-0/90014fac': Permission denied
rm: cannot remove '/tmp/node-compile-cache/v22.23.2-x64-9de703df-0/6843e15f': Permission denied
rm: cannot remove '/tmp/node-compile-cache/v22.23.2-x64-9de703df-0/ee42ba44': Permission denied
rm: cannot remove '/tmp/node-compile-cache/v22.23.2-x64-9de703df-0/88f715d0': Permission denied
rm: cannot remove '/tmp/node-compile-cache/v22.23.2-x64-9de703df-0/4cdf50fd': Permission denied
rm: cannot remove '/tmp/node-compile-cache/v22.23.2-x64-9de703df-0/ed4d3f5c': Permission denied
rm: cannot remove '/tmp/node-compile-cache/v22.23.2-x64-9de703df-0/1bbb6102': Permission denied
rm: cannot remove '/tmp/node-compile-cache/v22.23.2-x64-9de703df-0/102ef5fd': Permission denied
rm: cannot remove '/tmp/node-compile-cache/v22.23.2-x64-9de703df-0/b3cb61ef': Permission denied
rm: cannot remove '/tmp/node-compile-cache/v22.23.2-x64-9de703df-0/6f06e5c8': Permission denied
rm: cannot remove '/tmp/node-compile-cache/v22.23.2-x64-9de703df-0/ef36498f': Permission denied
rm: cannot remove '/tmp/node-compile-cache/v22.23.2-x64-9de703df-0/f994d10f': Permission denied
rm: cannot remove '/tmp/node-compile-cache/v22.23.2-x64-9de703df-0/fc8d3fab': Permission denied
rm: cannot remove '/tmp/node-compile-cache/v22.23.2-x64-9de703df-0/ffbe5609': Permission denied
rm: cannot remove '/tmp/node-compile-cache/v22.23.2-x64-9de703df-0/acfd8818': Permission denied
rm: cannot remove '/tmp/node-compile-cache/v22.23.2-x64-9de703df-0/8bb67756': Permission denied
rm: cannot remove '/tmp/node-compile-cache/v22.23.2-x64-9de703df-0/76499fec': Permission denied
rm: cannot remove '/tmp/node-compile-cache/v22.23.2-x64-9de703df-0/992bebce': Permission denied
rm: cannot remove '/tmp/node-compile-cache/v22.23.2-x64-9de703df-0/923b43eb': Permission denied
rm: cannot remove '/tmp/node-compile-cache/v22.23.2-x64-9de703df-0/e66acb74': Permission denied
rm: cannot remove '/tmp/node-compile-cache/v22.23.2-x64-9de703df-0/94cd4d86': Permission denied
rm: cannot remove '/tmp/node-compile-cache/v22.23.2-x64-9de703df-0/6d365289': Permission denied
rm: cannot remove '/tmp/node-compile-cache/v22.23.2-x64-9de703df-0/7c6cbfd7': Permission denied
rm: cannot remove '/tmp/node-compile-cache/v22.23.2-x64-9de703df-0/49d1006b': Permission denied
rm: cannot remove '/tmp/node-compile-cache/v22.23.2-x64-9de703df-0/8f0d912a': Permission denied
rm: cannot remove '/tmp/node-compile-cache/v22.23.2-x64-9de703df-0/94439c59': Permission denied
rm: cannot remove '/tmp/node-compile-cache/v22.23.2-x64-9de703df-0/694ec7e6': Permission denied
rm: cannot remove '/tmp/node-compile-cache/v22.23.2-x64-9de703df-0/ce5f8bd8': Permission denied
rm: cannot remove '/tmp/node-compile-cache/v22.23.2-x64-9de703df-0/30b81987': Permission denied
rm: cannot remove '/tmp/node-compile-cache/v22.23.2-x64-9de703df-0/9e25568a': Permission denied
rm: cannot remove '/tmp/node-compile-cache/v22.23.2-x64-9de703df-0/804cf119': Permission denied
rm: cannot remove '/tmp/node-compile-cache/v22.23.2-x64-9de703df-0/3c96dce2': Permission denied
rm: cannot remove '/tmp/node-compile-cache/v22.23.2-x64-9de703df-0/f2ce6811': Permission denied
rm: cannot remove '/tmp/node-compile-cache/v22.23.2-x64-9de703df-0/140a0144': Permission denied
rm: cannot remove '/tmp/node-compile-cache/v22.23.2-x64-9de703df-0/9b8bdc7b': Permission denied
rm: cannot remove '/tmp/node-compile-cache/v22.23.2-x64-9de703df-0/88e0f645': Permission denied
rm: cannot remove '/tmp/node-compile-cache/v22.23.2-x64-9de703df-0/50b941b1': Permission denied
rm: cannot remove '/tmp/node-compile-cache/v22.23.2-x64-9de703df-0/fb980dca': Permission denied
rm: cannot remove '/tmp/node-compile-cache/v22.23.2-x64-9de703df-0/95847940': Permission denied
rm: cannot remove '/tmp/node-compile-cache/v22.23.2-x64-9de703df-0/27f07a12': Permission denied
rm: cannot remove '/tmp/node-compile-cache/v22.23.2-x64-9de703df-0/ca71db21': Permission denied
rm: cannot remove '/tmp/node-compile-cache/v22.23.2-x64-9de703df-0/7d9fc342': Permission denied
rm: cannot remove '/tmp/node-compile-cache/v22.23.2-x64-9de703df-0/b23acf1c': Permission denied
rm: cannot remove '/tmp/node-compile-cache/v22.23.2-x64-9de703df-0/d01939e4': Permission denied
rm: cannot remove '/tmp/node-compile-cache/v22.23.2-x64-9de703df-0/01b7386d': Permission denied
rm: cannot remove '/tmp/node-compile-cache/v22.23.2-x64-9de703df-0/47dd1147': Permission denied
rm: cannot remove '/tmp/node-compile-cache/v22.23.2-x64-9de703df-0/0d9f97b3': Permission denied
rm: cannot remove '/tmp/node-compile-cache/v22.23.2-x64-9de703df-0/9222b63d': Permission denied
rm: cannot remove '/tmp/node-compile-cache/v22.23.2-x64-9de703df-0/d245b2d1': Permission denied
rm: cannot remove '/tmp/node-compile-cache/v22.23.2-x64-9de703df-0/0f0c8433': Permission denied
rm: cannot remove '/tmp/node-compile-cache/v22.23.2-x64-9de703df-0/d1dce9a7': Permission denied
rm: cannot remove '/tmp/node-compile-cache/v22.23.2-x64-9de703df-0/d2e71ea6': Permission denied
rm: cannot remove '/tmp/node-compile-cache/v22.23.2-x64-9de703df-0/03f36f82': Permission denied
rm: cannot remove '/tmp/node-compile-cache/v22.23.2-x64-9de703df-0/12940077': Permission denied
rm: cannot remove '/tmp/node-compile-cache/v22.23.2-x64-9de703df-0/7d43326e': Permission denied
rm: cannot remove '/tmp/node-compile-cache/v22.23.2-x64-9de703df-0/13bd6df4': Permission denied
rm: cannot remove '/tmp/node-compile-cache/v22.23.2-x64-9de703df-0/89a78b27': Permission denied
rm: cannot remove '/tmp/node-compile-cache/v22.23.2-x64-9de703df-0/09275b59': Permission denied
rm: cannot remove '/tmp/node-compile-cache/v22.23.2-x64-9de703df-0/9c8ecb47': Permission denied
rm: cannot remove '/tmp/node-compile-cache/v22.23.2-x64-9de703df-0/86d3f244': Permission denied
rm: cannot remove '/tmp/node-compile-cache/v22.23.2-x64-9de703df-0/022c8d76': Permission denied
rm: cannot remove '/tmp/node-compile-cache/v22.23.2-x64-9de703df-0/b4b7ce2c': Permission denied
rm: cannot remove '/tmp/node-compile-cache/v22.23.2-x64-9de703df-0/4b9ee3ed': Permission denied
rm: cannot remove '/tmp/node-compile-cache/v22.23.2-x64-9de703df-0/563c5a5b': Permission denied
rm: cannot remove '/tmp/node-compile-cache/v22.23.2-x64-9de703df-0/20cad7f4': Permission denied
rm: cannot remove '/tmp/node-compile-cache/v22.23.2-x64-9de703df-0/9c667eb9': Permission denied
rm: cannot remove '/tmp/node-compile-cache/v22.23.2-x64-9de703df-0/1f9b0e5c': Permission denied
rm: cannot remove '/tmp/node-compile-cache/v22.23.2-x64-9de703df-0/0aa851b3': Permission denied
rm: cannot remove '/tmp/node-compile-cache/v22.23.2-x64-9de703df-0/c295ee47': Permission denied
rm: cannot remove '/tmp/node-compile-cache/v22.23.2-x64-9de703df-0/ae901c44': Permission denied
rm: cannot remove '/tmp/node-compile-cache/v22.23.2-x64-9de703df-0/a339d434': Permission denied
rm: cannot remove '/tmp/node-compile-cache/v22.23.2-x64-9de703df-0/90e6985d': Permission denied
rm: cannot remove '/tmp/node-compile-cache/v22.23.2-x64-9de703df-0/6c301b7e': Permission denied
rm: cannot remove '/tmp/node-compile-cache/v22.23.2-x64-9de703df-0/c317d524': Permission denied
rm: cannot remove '/tmp/node-compile-cache/v22.23.2-x64-9de703df-0/73dc70c8': Permission denied
rm: cannot remove '/tmp/node-compile-cache/v22.23.2-x64-9de703df-0/72440b2a': Permission denied
rm: cannot remove '/tmp/node-compile-cache/v22.23.2-x64-9de703df-0/de2f4222': Permission denied
rm: cannot remove '/tmp/node-compile-cache/v22.23.2-x64-9de703df-0/0873de5b': Permission denied
rm: cannot remove '/tmp/node-compile-cache/v22.23.2-x64-9de703df-0/fa91e12e': Permission denied
rm: cannot remove '/tmp/node-compile-cache/v22.23.2-x64-9de703df-0/059f2378': Permission denied
rm: cannot remove '/tmp/node-compile-cache/v22.23.2-x64-9de703df-0/d1e7c37a': Permission denied
rm: cannot remove '/tmp/node-compile-cache/v22.23.2-x64-9de703df-0/ad1d190c': Permission denied
rm: cannot remove '/tmp/node-compile-cache/v22.23.2-x64-9de703df-0/fbe433f3': Permission denied
rm: cannot remove '/tmp/node-compile-cache/v22.23.2-x64-9de703df-0/f97ebb6e': Permission denied
rm: cannot remove '/tmp/node-compile-cache/v22.23.2-x64-9de703df-0/d91695c9': Permission denied
rm: cannot remove '/tmp/node-compile-cache/v22.23.2-x64-9de703df-0/0a1fa128': Permission denied
rm: cannot remove '/tmp/node-compile-cache/v22.23.2-x64-9de703df-0/3ce37815': Permission denied
rm: cannot remove '/tmp/node-compile-cache/v22.23.2-x64-9de703df-0/cd25871e': Permission denied
rm: cannot remove '/tmp/node-compile-cache/v22.23.2-x64-9de703df-0/3fbc5c53': Permission denied
rm: cannot remove '/tmp/node-compile-cache/v22.23.2-x64-9de703df-0/1a1a92fe': Permission denied
rm: cannot remove '/tmp/node-compile-cache/v22.23.2-x64-9de703df-0/442e1715': Permission denied
rm: cannot remove '/tmp/node-compile-cache/v22.23.2-x64-9de703df-0/aa742600': Permission denied
rm: cannot remove '/tmp/node-compile-cache/v22.23.2-x64-9de703df-0/b8ae7f8d': Permission denied
rm: cannot remove '/tmp/node-compile-cache/v22.23.2-x64-9de703df-0/8f360549': Permission denied
rm: cannot remove '/tmp/node-compile-cache/v22.23.2-x64-9de703df-0/59813190': Permission denied
rm: cannot remove '/tmp/node-compile-cache/v22.23.2-x64-9de703df-0/fc486bc8': Permission denied
rm: cannot remove '/tmp/node-compile-cache/v22.23.2-x64-9de703df-0/744355f7': Permission denied
rm: cannot remove '/tmp/node-compile-cache/v22.23.2-x64-9de703df-0/9d00c3f3': Permission denied
rm: cannot remove '/tmp/node-compile-cache/v22.23.2-x64-9de703df-0/636599f0': Permission denied
rm: cannot remove '/tmp/node-compile-cache/v22.23.2-x64-9de703df-0/59c632ba': Permission denied
rm: cannot remove '/tmp/node-compile-cache/v22.23.2-x64-9de703df-0/4f764ed1': Permission denied
rm: cannot remove '/tmp/node-compile-cache/v22.23.2-x64-9de703df-0/207c7dae': Permission denied
rm: cannot remove '/tmp/node-compile-cache/v22.23.2-x64-9de703df-0/11f1577f': Permission denied
rm: cannot remove '/tmp/node-compile-cache/v22.23.2-x64-9de703df-0/4a31a215': Permission denied
rm: cannot remove '/tmp/node-compile-cache/v22.23.2-x64-9de703df-0/46772a61': Permission denied
rm: cannot remove '/tmp/node-compile-cache/v22.23.2-x64-9de703df-0/a5bdcdc2': Permission denied
rm: cannot remove '/tmp/node-compile-cache/v22.23.2-x64-9de703df-0/ab50a3c6': Permission denied
rm: cannot remove '/tmp/node-compile-cache/v22.23.2-x64-9de703df-0/5a2bad40': Permission denied
rm: cannot remove '/tmp/node-compile-cache/v22.23.2-x64-9de703df-0/5f56d863': Permission denied
rm: cannot remove '/tmp/node-compile-cache/v22.23.2-x64-9de703df-0/99757a15': Permission denied
rm: cannot remove '/tmp/node-compile-cache/v22.23.2-x64-9de703df-0/010ca46c': Permission denied
rm: cannot remove '/tmp/node-compile-cache/v22.23.2-x64-9de703df-0/0dc96296': Permission denied
rm: cannot remove '/tmp/node-compile-cache/v22.23.2-x64-9de703df-0/d2fb1e9b': Permission denied
rm: cannot remove '/tmp/node-compile-cache/v22.23.2-x64-9de703df-0/7f8f0416': Permission denied
rm: cannot remove '/tmp/node-compile-cache/v22.23.2-x64-9de703df-0/8aa2de4d': Permission denied
rm: cannot remove '/tmp/node-compile-cache/v22.23.2-x64-9de703df-0/20995dbb': Permission denied
rm: cannot remove '/tmp/node-compile-cache/v22.23.2-x64-9de703df-0/4dbc19b7': Permission denied
rm: cannot remove '/tmp/node-compile-cache/v22.23.2-x64-9de703df-0/ef275563': Permission denied
rm: cannot remove '/tmp/node-compile-cache/v22.23.2-x64-9de703df-0/d31b0b3e': Permission denied
rm: cannot remove '/tmp/node-compile-cache/v22.23.2-x64-9de703df-0/a490d57b': Permission denied
rm: cannot remove '/tmp/node-compile-cache/v22.23.2-x64-9de703df-0/b39cf02e': Permission denied
rm: cannot remove '/tmp/node-compile-cache/v22.23.2-x64-9de703df-0/88d80057': Permission denied
rm: cannot remove '/tmp/node-compile-cache/v22.23.2-x64-9de703df-0/fce51f1c': Permission denied
rm: cannot remove '/tmp/node-compile-cache/v22.23.2-x64-9de703df-0/52059bbd': Permission denied
rm: cannot remove '/tmp/node-compile-cache/v22.23.2-x64-9de703df-0/a6a586d8': Permission denied
rm: cannot remove '/tmp/node-compile-cache/v22.23.2-x64-9de703df-0/bec154b0': Permission denied
rm: cannot remove '/tmp/node-compile-cache/v22.23.2-x64-9de703df-0/ae2aa98b': Permission denied
rm: cannot remove '/tmp/node-compile-cache/v22.23.2-x64-9de703df-0/d3c7f8b9': Permission denied
rm: cannot remove '/tmp/node-compile-cache/v22.23.2-x64-9de703df-0/9b798567': Permission denied
rm: cannot remove '/tmp/node-compile-cache/v22.23.2-x64-9de703df-0/263f0e14': Permission denied
rm: cannot remove '/tmp/node-compile-cache/v22.23.2-x64-9de703df-0/336958ec': Permission denied
rm: cannot remove '/tmp/node-compile-cache/v22.23.2-x64-9de703df-0/5088a5b2': Permission denied
rm: cannot remove '/tmp/node-compile-cache/v22.23.2-x64-9de703df-0/65cde378': Permission denied
rm: cannot remove '/tmp/node-compile-cache/v22.23.2-x64-9de703df-0/11e1e7e1': Permission denied
rm: cannot remove '/tmp/node-compile-cache/v22.23.2-x64-9de703df-0/da16af9a': Permission denied
rm: cannot remove '/tmp/node-compile-cache/v22.23.2-x64-9de703df-0/12d6085e': Permission denied
rm: cannot remove '/tmp/node-compile-cache/v22.23.2-x64-9de703df-0/fef23548': Permission denied
rm: cannot remove '/tmp/node-compile-cache/v22.23.2-x64-9de703df-0/1e880b66': Permission denied
rm: cannot remove '/tmp/node-compile-cache/v22.23.2-x64-9de703df-0/468005ea': Permission denied
rm: cannot remove '/tmp/node-compile-cache/v22.23.2-x64-9de703df-0/27141edb': Permission denied
rm: cannot remove '/tmp/node-compile-cache/v22.23.2-x64-9de703df-0/f0fa33bb': Permission denied
rm: cannot remove '/tmp/node-compile-cache/v22.23.2-x64-9de703df-0/18997b58': Permission denied
rm: cannot remove '/tmp/node-compile-cache/v22.23.2-x64-9de703df-0/5f7ac527': Permission denied
rm: cannot remove '/tmp/node-compile-cache/v22.23.2-x64-9de703df-0/d5b339ce': Permission denied
rm: cannot remove '/tmp/node-compile-cache/v22.23.2-x64-9de703df-0/9c2a21eb': Permission denied
rm: cannot remove '/tmp/node-compile-cache/v22.23.2-x64-9de703df-0/c9b05194': Permission denied
rm: cannot remove '/tmp/node-compile-cache/v22.23.2-x64-9de703df-0/16e14a72': Permission denied
rm: cannot remove '/tmp/node-compile-cache/v22.23.2-x64-9de703df-0/a0e6c283': Permission denied
rm: cannot remove '/tmp/node-compile-cache/v22.23.2-x64-9de703df-0/66226d6a': Permission denied
rm: cannot remove '/tmp/node-compile-cache/v22.23.2-x64-9de703df-0/9af85e0f': Permission denied
rm: cannot remove '/tmp/node-compile-cache/v22.23.2-x64-9de703df-0/cb39fc8b': Permission denied
rm: cannot remove '/tmp/node-compile-cache/v22.23.2-x64-9de703df-0/33ab5973': Permission denied
rm: cannot remove '/tmp/node-compile-cache/v22.23.2-x64-9de703df-0/bf397f20': Permission denied
rm: cannot remove '/tmp/node-compile-cache/v22.23.2-x64-9de703df-0/8a07634d': Permission denied
rm: cannot remove '/tmp/node-compile-cache/v22.23.2-x64-9de703df-0/1fdf173b': Permission denied
rm: cannot remove '/tmp/node-compile-cache/v22.23.2-x64-9de703df-0/4337c5df': Permission denied
rm: cannot remove '/tmp/node-compile-cache/v22.23.2-x64-9de703df-0/a5d5052b': Permission denied
rm: cannot remove '/tmp/node-compile-cache/v22.23.2-x64-9de703df-0/f217bb8a': Permission denied
rm: cannot remove '/tmp/node-compile-cache/v22.23.2-x64-9de703df-0/116cae05': Permission denied
rm: cannot remove '/tmp/node-compile-cache/v22.23.2-x64-9de703df-0/373ef455': Permission denied
rm: cannot remove '/tmp/node-compile-cache/v22.23.2-x64-9de703df-0/bd1f064f': Permission denied
rm: cannot remove '/tmp/node-compile-cache/v22.23.2-x64-9de703df-0/f7923593': Permission denied
rm: cannot remove '/tmp/node-compile-cache/v22.23.2-x64-9de703df-0/758cf23f': Permission denied
rm: cannot remove '/tmp/node-compile-cache/v22.23.2-x64-9de703df-0/d2e353eb': Permission denied
rm: cannot remove '/tmp/node-compile-cache/v22.23.2-x64-9de703df-0/10123dee': Permission denied
rm: cannot remove '/tmp/node-compile-cache/v22.23.2-x64-9de703df-0/38c4fc01': Permission denied
rm: cannot remove '/tmp/node-compile-cache/v22.23.2-x64-9de703df-0/f5cd7fec': Permission denied
rm: cannot remove '/tmp/node-compile-cache/v22.23.2-x64-9de703df-0/7f33eb18': Permission denied
rm: cannot remove '/tmp/node-compile-cache/v22.23.2-x64-9de703df-0/d7ca2a2a': Permission denied
rm: cannot remove '/tmp/node-compile-cache/v22.23.2-x64-9de703df-0/ba2d0e84': Permission denied
rm: cannot remove '/tmp/node-compile-cache/v22.23.2-x64-9de703df-0/eeae78b4': Permission denied
rm: cannot remove '/tmp/node-compile-cache/v22.23.2-x64-9de703df-0/f4a9e467': Permission denied
rm: cannot remove '/tmp/node-compile-cache/v22.23.2-x64-9de703df-0/22a111e0': Permission denied
rm: cannot remove '/tmp/node-compile-cache/v22.23.2-x64-9de703df-0/7faaa2b7': Permission denied
rm: cannot remove '/tmp/node-compile-cache/v22.23.2-x64-9de703df-0/6048ce02': Permission denied
rm: cannot remove '/tmp/node-compile-cache/v22.23.2-x64-9de703df-0/d42f2212': Permission denied
rm: cannot remove '/tmp/node-compile-cache/v22.23.2-x64-9de703df-0/1f4b8cdd': Permission denied
rm: cannot remove '/tmp/node-compile-cache/v22.23.2-x64-9de703df-0/f6b8fa96': Permission denied
rm: cannot remove '/tmp/node-compile-cache/v22.23.2-x64-9de703df-0/9451c10a': Permission denied
rm: cannot remove '/tmp/node-compile-cache/v22.23.2-x64-9de703df-0/2fcd57fe': Permission denied
rm: cannot remove '/tmp/node-compile-cache/v22.23.2-x64-9de703df-0/0f0a7988': Permission denied
rm: cannot remove '/tmp/node-compile-cache/v22.23.2-x64-9de703df-0/2bdcf063': Permission denied
rm: cannot remove '/tmp/node-compile-cache/v22.23.2-x64-9de703df-0/a9a31f40': Permission denied
rm: cannot remove '/tmp/node-compile-cache/v22.23.2-x64-9de703df-0/5c70eb54': Permission denied
rm: cannot remove '/tmp/node-compile-cache/v22.23.2-x64-9de703df-0/9f2a355d': Permission denied
rm: cannot remove '/tmp/node-compile-cache/v22.23.2-x64-9de703df-0/7c63e190': Permission denied
rm: cannot remove '/tmp/node-compile-cache/v22.23.2-x64-9de703df-0/5dca1a77': Permission denied
rm: cannot remove '/tmp/node-compile-cache/v22.23.2-x64-9de703df-0/a535f225': Permission denied
rm: cannot remove '/tmp/node-compile-cache/v22.23.2-x64-9de703df-0/26489bb3': Permission denied
rm: cannot remove '/tmp/node-compile-cache/v22.23.2-x64-9de703df-0/52a098ea': Permission denied
rm: cannot remove '/tmp/node-compile-cache/v22.23.2-x64-9de703df-0/9ccf5632': Permission denied
rm: cannot remove '/tmp/node-compile-cache/v22.23.2-x64-9de703df-0/fbc173a0': Permission denied
rm: cannot remove '/tmp/node-compile-cache/v22.23.2-x64-9de703df-0/269c56d8': Permission denied
rm: cannot remove '/tmp/node-compile-cache/v22.23.2-x64-9de703df-0/86f038a4': Permission denied
rm: cannot remove '/tmp/node-compile-cache/v22.23.2-x64-9de703df-0/3ef86212': Permission denied
rm: cannot remove '/tmp/node-compile-cache/v22.23.2-x64-9de703df-0/c0aebe56': Permission denied
rm: cannot remove '/tmp/node-compile-cache/v22.23.2-x64-9de703df-0/6c53203c': Permission denied
rm: cannot remove '/tmp/node-compile-cache/v22.23.2-x64-9de703df-0/8e77503a': Permission denied
rm: cannot remove '/tmp/node-compile-cache/v22.23.2-x64-9de703df-0/17bea670': Permission denied
rm: cannot remove '/tmp/node-compile-cache/v22.23.2-x64-9de703df-0/4124d0d7': Permission denied
rm: cannot remove '/tmp/node-compile-cache/v22.23.2-x64-9de703df-0/9f8fd60b': Permission denied
rm: cannot remove '/tmp/node-compile-cache/v22.23.2-x64-9de703df-0/8cee33a3': Permission denied
rm: cannot remove '/tmp/node-compile-cache/v22.23.2-x64-9de703df-0/47e91824': Permission denied
rm: cannot remove '/tmp/node-compile-cache/v22.23.2-x64-9de703df-0/0fef87ad': Permission denied
rm: cannot remove '/tmp/node-compile-cache/v22.23.2-x64-9de703df-0/29fa1f7c': Permission denied
rm: cannot remove '/tmp/node-compile-cache/v22.23.2-x64-9de703df-0/6ae82fed': Permission denied
rm: cannot remove '/tmp/node-compile-cache/v22.23.2-x64-9de703df-0/2cc8e4ff': Permission denied
rm: cannot remove '/tmp/node-compile-cache/v22.23.2-x64-9de703df-0/149ec42e': Permission denied
rm: cannot remove '/tmp/node-compile-cache/v22.23.2-x64-9de703df-0/084167c6': Permission denied
rm: cannot remove '/tmp/node-compile-cache/v22.23.2-x64-9de703df-0/e6ff280a': Permission denied
rm: cannot remove '/tmp/node-compile-cache/v22.23.2-x64-9de703df-0/17fb02de': Permission denied
rm: cannot remove '/tmp/node-compile-cache/v22.23.2-x64-9de703df-0/dcce07e5': Permission denied
rm: cannot remove '/tmp/node-compile-cache/v22.23.2-x64-9de703df-0/378d679f': Permission denied
rm: cannot remove '/tmp/node-compile-cache/v22.23.2-x64-9de703df-0/8cef7c80': Permission denied
rm: cannot remove '/tmp/node-compile-cache/v22.23.2-x64-9de703df-0/f23718ea': Permission denied
rm: cannot remove '/tmp/node-compile-cache/v22.23.2-x64-9de703df-0/78b374bb': Permission denied
rm: cannot remove '/tmp/node-compile-cache/v22.23.2-x64-9de703df-0/8480710b': Permission denied
rm: cannot remove '/tmp/node-compile-cache/v22.23.2-x64-9de703df-0/25cb1a0e': Permission denied
rm: cannot remove '/tmp/node-compile-cache/v22.23.2-x64-9de703df-0/9858c0ef': Permission denied
rm: cannot remove '/tmp/node-compile-cache/v22.23.2-x64-9de703df-0/04d9d011': Permission denied
rm: cannot remove '/tmp/node-compile-cache/v22.23.2-x64-9de703df-0/8c007e0e': Permission denied
rm: cannot remove '/tmp/node-compile-cache/v22.23.2-x64-9de703df-0/4bbd7e97': Permission denied
rm: cannot remove '/tmp/node-compile-cache/v22.23.2-x64-9de703df-0/e15a74c2': Permission denied
rm: cannot remove '/tmp/node-compile-cache/v22.23.2-x64-9de703df-0/eb553518': Permission denied
rm: cannot remove '/tmp/node-compile-cache/v22.23.2-x64-9de703df-0/29ae7849': Permission denied
rm: cannot remove '/tmp/node-compile-cache/v22.23.2-x64-9de703df-0/66b0f63a': Permission denied
rm: cannot remove '/tmp/node-compile-cache/v22.23.2-x64-9de703df-0/c9b3658c': Permission denied
rm: cannot remove '/tmp/node-compile-cache/v22.23.2-x64-9de703df-0/fa91102b': Permission denied
rm: cannot remove '/tmp/node-compile-cache/v22.23.2-x64-9de703df-0/09800fe0': Permission denied
rm: cannot remove '/tmp/node-compile-cache/v22.23.2-x64-9de703df-0/5edebc65': Permission denied
rm: cannot remove '/tmp/node-compile-cache/v22.23.2-x64-9de703df-0/e674a16c': Permission denied
rm: cannot remove '/tmp/node-compile-cache/v22.23.2-x64-9de703df-0/afc339ca': Permission denied
rm: cannot remove '/tmp/node-compile-cache/v22.23.2-x64-9de703df-0/a98da92f': Permission denied
rm: cannot remove '/tmp/node-compile-cache/v22.23.2-x64-9de703df-0/4652bac2': Permission denied
rm: cannot remove '/tmp/node-compile-cache/v22.23.2-x64-9de703df-0/2442c1f5': Permission denied
rm: cannot remove '/tmp/node-compile-cache/v22.23.2-x64-9de703df-0/23a412ce': Permission denied
rm: cannot remove '/tmp/node-compile-cache/v22.23.2-x64-9de703df-0/db79065b': Permission denied
rm: cannot remove '/tmp/node-compile-cache/v22.23.2-x64-9de703df-0/2d464d3d': Permission denied
rm: cannot remove '/tmp/node-compile-cache/v22.23.2-x64-9de703df-0/8c431d24': Permission denied
rm: cannot remove '/tmp/node-compile-cache/v22.23.2-x64-9de703df-0/1449be6d': Permission denied
rm: cannot remove '/tmp/node-compile-cache/v22.23.2-x64-9de703df-0/c4ff2d84': Permission denied
rm: cannot remove '/tmp/node-compile-cache/v22.23.2-x64-9de703df-0/afe7f086': Permission denied
rm: cannot remove '/tmp/node-compile-cache/v22.23.2-x64-9de703df-0/09615a35': Permission denied
rm: cannot remove '/tmp/node-compile-cache/v22.23.2-x64-9de703df-0/fabf3bdc': Permission denied
rm: cannot remove '/tmp/node-compile-cache/v22.23.2-x64-9de703df-0/e15da18e': Permission denied
rm: cannot remove '/tmp/node-compile-cache/v22.23.2-x64-9de703df-0/e6d3bb65': Permission denied
rm: cannot remove '/tmp/node-compile-cache/v22.23.2-x64-9de703df-0/ddb123a1': Permission denied
rm: cannot remove '/tmp/node-compile-cache/v22.23.2-x64-9de703df-0/317ac786': Permission denied
rm: cannot remove '/tmp/node-compile-cache/v22.23.2-x64-9de703df-0/755cf1aa': Permission denied
rm: cannot remove '/tmp/node-compile-cache/v22.23.2-x64-9de703df-0/fa606627': Permission denied
rm: cannot remove '/tmp/node-compile-cache/v22.23.2-x64-9de703df-0/1c575097': Permission denied
rm: cannot remove '/tmp/node-compile-cache/v22.23.2-x64-9de703df-0/e1787d1f': Permission denied
rm: cannot remove '/tmp/node-compile-cache/v22.23.2-x64-9de703df-0/48d1f1c8': Permission denied
rm: cannot remove '/tmp/node-compile-cache/v22.23.2-x64-9de703df-0/a9aa2ee8': Permission denied
rm: cannot remove '/tmp/node-compile-cache/v22.23.2-x64-9de703df-0/844075b3': Permission denied
rm: cannot remove '/tmp/node-compile-cache/v22.23.2-x64-9de703df-0/e4445f1f': Permission denied
rm: cannot remove '/tmp/node-compile-cache/v22.23.2-x64-9de703df-0/28cd767f': Permission denied
rm: cannot remove '/tmp/node-compile-cache/v22.23.2-x64-9de703df-0/164dc688': Permission denied
rm: cannot remove '/tmp/node-compile-cache/v22.23.2-x64-9de703df-0/d3ef2551': Permission denied
rm: cannot remove '/tmp/node-compile-cache/v22.23.2-x64-9de703df-0/4a7f67b1': Permission denied
rm: cannot remove '/tmp/node-compile-cache/v22.23.2-x64-9de703df-0/d688117d': Permission denied
rm: cannot remove '/tmp/node-compile-cache/v22.23.2-x64-9de703df-0/2e55c3a5': Permission denied
rm: cannot remove '/tmp/node-compile-cache/v22.23.2-x64-9de703df-0/8235ed93': Permission denied
rm: cannot remove '/tmp/node-compile-cache/v22.23.2-x64-9de703df-0/3a9df0e4': Permission denied
rm: cannot remove '/tmp/node-compile-cache/v22.23.2-x64-9de703df-0/8b0142f4': Permission denied
rm: cannot remove '/tmp/node-compile-cache/v22.23.2-x64-9de703df-0/bfd470c5': Permission denied
rm: cannot remove '/tmp/node-compile-cache/v22.23.2-x64-9de703df-0/2d96951b': Permission denied
rm: cannot remove '/tmp/node-compile-cache/v22.23.2-x64-9de703df-0/1b2a3a2a': Permission denied
rm: cannot remove '/tmp/node-compile-cache/v22.23.2-x64-9de703df-0/23c95ffc': Permission denied
rm: cannot remove '/tmp/node-compile-cache/v22.23.2-x64-9de703df-0/e05c5b1d': Permission denied
rm: cannot remove '/tmp/node-compile-cache/v22.23.2-x64-9de703df-0/0a70f056': Permission denied
rm: cannot remove '/tmp/node-compile-cache/v22.23.2-x64-9de703df-0/311bad02': Permission denied
rm: cannot remove '/tmp/node-compile-cache/v22.23.2-x64-9de703df-0/6b1dd637': Permission denied
rm: cannot remove '/tmp/node-compile-cache/v22.23.2-x64-9de703df-0/178cdd1b': Permission denied
rm: cannot remove '/tmp/node-compile-cache/v22.23.2-x64-9de703df-0/23ea36aa': Permission denied
rm: cannot remove '/tmp/node-compile-cache/v22.23.2-x64-9de703df-0/1827c055': Permission denied
rm: cannot remove '/tmp/node-compile-cache/v22.23.2-x64-9de703df-0/4d78a390': Permission denied
rm: cannot remove '/tmp/node-compile-cache/v22.23.2-x64-9de703df-0/d53d817d': Permission denied
rm: cannot remove '/tmp/node-compile-cache/v22.23.2-x64-9de703df-0/9d887cbe': Permission denied
rm: cannot remove '/tmp/node-compile-cache/v22.23.2-x64-9de703df-0/83412358': Permission denied
rm: cannot remove '/tmp/node-compile-cache/v22.23.2-x64-9de703df-0/cc425018': Permission denied
rm: cannot remove '/tmp/node-compile-cache/v22.23.2-x64-9de703df-0/11cb2a80': Permission denied
rm: cannot remove '/tmp/node-compile-cache/v22.23.2-x64-9de703df-0/a6ea4b9f': Permission denied
rm: cannot remove '/tmp/node-compile-cache/v22.23.2-x64-9de703df-0/dfd0d2ba': Permission denied
rm: cannot remove '/tmp/node-compile-cache/v22.23.2-x64-9de703df-0/fec41f63': Permission denied
rm: cannot remove '/tmp/node-compile-cache/v22.23.2-x64-9de703df-0/76532a09': Permission denied
rm: cannot remove '/tmp/node-compile-cache/v22.23.2-x64-9de703df-0/c7e3c3b3': Permission denied
rm: cannot remove '/tmp/node-compile-cache/v22.23.2-x64-9de703df-0/c868fc5e': Permission denied
rm: cannot remove '/tmp/node-compile-cache/v22.23.2-x64-9de703df-0/4744f7d7': Permission denied
rm: cannot remove '/tmp/node-compile-cache/v22.23.2-x64-9de703df-0/a6305dfb': Permission denied
rm: cannot remove '/tmp/node-compile-cache/v22.23.2-x64-9de703df-0/7718e016': Permission denied
rm: cannot remove '/tmp/node-compile-cache/v22.23.2-x64-9de703df-0/d3ce9c60': Permission denied
rm: cannot remove '/tmp/node-compile-cache/v22.23.2-x64-9de703df-0/3fb014f3': Permission denied
rm: cannot remove '/tmp/node-compile-cache/v22.23.2-x64-9de703df-0/ee02a576': Permission denied
rm: cannot remove '/tmp/node-compile-cache/v22.23.2-x64-9de703df-0/edaaaf57': Permission denied
rm: cannot remove '/tmp/node-compile-cache/v22.23.2-x64-9de703df-0/6d6d5f1c': Permission denied
rm: cannot remove '/tmp/node-compile-cache/v22.23.2-x64-9de703df-0/fc62d5d5': Permission denied
rm: cannot remove '/tmp/node-compile-cache/v22.23.2-x64-9de703df-0/d626981b': Permission denied
rm: cannot remove '/tmp/node-compile-cache/v22.23.2-x64-9de703df-0/c4b054d3': Permission denied
rm: cannot remove '/tmp/node-compile-cache/v22.23.2-x64-9de703df-0/5fe6ecaf': Permission denied
rm: cannot remove '/tmp/node-compile-cache/v22.23.2-x64-9de703df-0/54709ba1': Permission denied
rm: cannot remove '/tmp/node-compile-cache/v22.23.2-x64-9de703df-0/284df1ba': Permission denied
rm: cannot remove '/tmp/node-compile-cache/v22.23.2-x64-9de703df-0/de16f5cb': Permission denied
rm: cannot remove '/tmp/node-compile-cache/v22.23.2-x64-9de703df-0/563aaba5': Permission denied
rm: cannot remove '/tmp/node-compile-cache/v22.23.2-x64-9de703df-0/c616432e': Permission denied
rm: cannot remove '/tmp/node-compile-cache/v22.23.2-x64-9de703df-0/828a1323': Permission denied
rm: cannot remove '/tmp/node-compile-cache/v22.23.2-x64-9de703df-0/3dcf6415': Permission denied
rm: cannot remove '/tmp/node-compile-cache/v22.23.2-x64-9de703df-0/fa210d92': Permission denied
rm: cannot remove '/tmp/node-compile-cache/v22.23.2-x64-9de703df-0/8166bce3': Permission denied
rm: cannot remove '/tmp/node-compile-cache/v22.23.2-x64-9de703df-0/eb2a18ff': Permission denied
rm: cannot remove '/tmp/node-compile-cache/v22.23.2-x64-9de703df-0/19b40a6a': Permission denied
rm: cannot remove '/tmp/node-compile-cache/v22.23.2-x64-9de703df-0/4d2f83f7': Permission denied
rm: cannot remove '/tmp/node-compile-cache/v22.23.2-x64-9de703df-0/3029e332': Permission denied
rm: cannot remove '/tmp/node-compile-cache/v22.23.2-x64-9de703df-0/02ef88e8': Permission denied
rm: cannot remove '/tmp/node-compile-cache/v22.23.2-x64-9de703df-0/a7e7dec4': Permission denied
rm: cannot remove '/tmp/node-compile-cache/v22.23.2-x64-9de703df-0/d630c505': Permission denied
rm: cannot remove '/tmp/node-compile-cache/v22.23.2-x64-9de703df-0/186176c2': Permission denied
rm: cannot remove '/tmp/node-compile-cache/v22.23.2-x64-9de703df-0/712742d6': Permission denied
rm: cannot remove '/tmp/node-compile-cache/v22.23.2-x64-9de703df-0/684322c8': Permission denied
rm: cannot remove '/tmp/node-compile-cache/v22.23.2-x64-9de703df-0/40429bd2': Permission denied
rm: cannot remove '/tmp/node-compile-cache/v22.23.2-x64-9de703df-0/7a29d76e': Permission denied
rm: cannot remove '/tmp/node-compile-cache/v22.23.2-x64-9de703df-0/3a2a3a4b': Permission denied
rm: cannot remove '/tmp/node-compile-cache/v22.23.2-x64-9de703df-0/622b33b0': Permission denied
rm: cannot remove '/tmp/node-compile-cache/v22.23.2-x64-9de703df-0/05fec450': Permission denied
rm: cannot remove '/tmp/node-compile-cache/v22.23.2-x64-9de703df-0/5556610b': Permission denied
rm: cannot remove '/tmp/node-compile-cache/v22.23.2-x64-9de703df-0/e14957ef': Permission denied
rm: cannot remove '/tmp/node-compile-cache/v22.23.2-x64-9de703df-0/1fa45f11': Permission denied
rm: cannot remove '/tmp/node-compile-cache/v22.23.2-x64-9de703df-0/a41832b1': Permission denied
rm: cannot remove '/tmp/node-compile-cache/v22.23.2-x64-9de703df-0/8840590a': Permission denied
rm: cannot remove '/tmp/node-compile-cache/v22.23.2-x64-9de703df-0/5d92a678': Permission denied
rm: cannot remove '/tmp/node-compile-cache/v22.23.2-x64-9de703df-0/954df96b': Permission denied
rm: cannot remove '/tmp/node-compile-cache/v22.23.2-x64-9de703df-0/963c3aee': Permission denied
rm: cannot remove '/tmp/node-compile-cache/v22.23.2-x64-9de703df-0/49430d8e': Permission denied
rm: cannot remove '/tmp/node-compile-cache/v22.23.2-x64-9de703df-0/a2a3e151': Permission denied
rm: cannot remove '/tmp/node-compile-cache/v22.23.2-x64-9de703df-0/1978cd64': Permission denied
rm: cannot remove '/tmp/node-compile-cache/v22.23.2-x64-9de703df-0/73e61496': Permission denied
rm: cannot remove '/tmp/node-compile-cache/v22.23.2-x64-9de703df-0/2cc9283b': Permission denied
rm: cannot remove '/tmp/node-compile-cache/v22.23.2-x64-9de703df-0/1148d269': Permission denied
rm: cannot remove '/tmp/node-compile-cache/v22.23.2-x64-9de703df-0/ef6ee7db': Permission denied
rm: cannot remove '/tmp/node-compile-cache/v22.23.2-x64-9de703df-0/98f34ccb': Permission denied
rm: cannot remove '/tmp/node-compile-cache/v22.23.2-x64-9de703df-0/03798312': Permission denied
rm: cannot remove '/tmp/node-compile-cache/v22.23.2-x64-9de703df-0/fadf1a38': Permission denied
rm: cannot remove '/tmp/node-compile-cache/v22.23.2-x64-9de703df-0/828ac9b3': Permission denied
rm: cannot remove '/tmp/node-compile-cache/v22.23.2-x64-9de703df-0/ee175f50': Permission denied
rm: cannot remove '/tmp/node-compile-cache/v22.23.2-x64-9de703df-0/d2049875': Permission denied
rm: cannot remove '/tmp/node-compile-cache/v22.23.2-x64-9de703df-0/288dc48f': Permission denied
rm: cannot remove '/tmp/node-compile-cache/v22.23.2-x64-9de703df-0/2bc0d199': Permission denied
rm: cannot remove '/tmp/node-compile-cache/v22.23.2-x64-9de703df-0/78ec12fe': Permission denied
rm: cannot remove '/tmp/node-compile-cache/v22.23.2-x64-9de703df-0/232bb390': Permission denied
rm: cannot remove '/tmp/node-compile-cache/v22.23.2-x64-9de703df-0/04085c5d': Permission denied
rm: cannot remove '/tmp/node-compile-cache/v22.23.2-x64-9de703df-0/fa7b1e5e': Permission denied
rm: cannot remove '/tmp/node-compile-cache/v22.23.2-x64-9de703df-0/3c3fb401': Permission denied
rm: cannot remove '/tmp/node-compile-cache/v22.23.2-x64-9de703df-0/35ecf28e': Permission denied
rm: cannot remove '/tmp/node-compile-cache/v22.23.2-x64-9de703df-0/c4e533e3': Permission denied
rm: cannot remove '/tmp/node-compile-cache/v22.23.2-x64-9de703df-0/ed0a1bdd': Permission denied
rm: cannot remove '/tmp/node-compile-cache/v22.23.2-x64-9de703df-0/7264f2d9': Permission denied
rm: cannot remove '/tmp/node-compile-cache/v22.23.2-x64-9de703df-0/d77112d2': Permission denied
rm: cannot remove '/tmp/node-compile-cache/v22.23.2-x64-9de703df-0/55920610': Permission denied
rm: cannot remove '/tmp/node-compile-cache/v22.23.2-x64-9de703df-0/5467f56d': Permission denied
rm: cannot remove '/tmp/node-compile-cache/v22.23.2-x64-9de703df-0/c8a47f87': Permission denied
rm: cannot remove '/tmp/node-compile-cache/v22.23.2-x64-9de703df-0/fde1f22c': Permission denied
rm: cannot remove '/tmp/node-compile-cache/v22.23.2-x64-9de703df-0/0f68cbe2': Permission denied
rm: cannot remove '/tmp/node-compile-cache/v22.23.2-x64-9de703df-0/221af82a': Permission denied
rm: cannot remove '/tmp/node-compile-cache/v22.23.2-x64-9de703df-0/2cbb34c0': Permission denied
rm: cannot remove '/tmp/node-compile-cache/v22.23.2-x64-9de703df-0/204d30cc': Permission denied
rm: cannot remove '/tmp/node-compile-cache/v22.23.2-x64-9de703df-0/2dfc3763': Permission denied
rm: cannot remove '/tmp/node-compile-cache/v22.23.2-x64-9de703df-0/3f3308c6': Permission denied
rm: cannot remove '/tmp/node-compile-cache/v22.23.2-x64-9de703df-0/4a2f7337': Permission denied
rm: cannot remove '/tmp/node-compile-cache/v22.23.2-x64-9de703df-0/214ffcb5': Permission denied
rm: cannot remove '/tmp/node-compile-cache/v22.23.2-x64-9de703df-0/78e935bf': Permission denied
rm: cannot remove '/tmp/node-compile-cache/v22.23.2-x64-9de703df-0/4a98117d': Permission denied
rm: cannot remove '/tmp/node-compile-cache/v22.23.2-x64-9de703df-0/33857a06': Permission denied
rm: cannot remove '/tmp/node-compile-cache/v22.23.2-x64-9de703df-0/764f1fcf': Permission denied
rm: cannot remove '/tmp/node-compile-cache/v22.23.2-x64-9de703df-0/02ccd9ce': Permission denied
rm: cannot remove '/tmp/node-compile-cache/v22.23.2-x64-9de703df-0/83b2186a': Permission denied
rm: cannot remove '/tmp/node-compile-cache/v22.23.2-x64-9de703df-0/f8e05e04': Permission denied
rm: cannot remove '/tmp/node-compile-cache/v22.23.2-x64-9de703df-0/0014c7b4': Permission denied
rm: cannot remove '/tmp/node-compile-cache/v22.23.2-x64-9de703df-0/d11ca801': Permission denied
rm: cannot remove '/tmp/node-compile-cache/v22.23.2-x64-9de703df-0/1a0b6a98': Permission denied
rm: cannot remove '/tmp/node-compile-cache/v22.23.2-x64-9de703df-0/1b6d87f9': Permission denied
rm: cannot remove '/tmp/node-compile-cache/v22.23.2-x64-9de703df-0/9e3468c3': Permission denied
rm: cannot remove '/tmp/node-compile-cache/v22.23.2-x64-9de703df-0/b924c91d': Permission denied
rm: cannot remove '/tmp/node-compile-cache/v22.23.2-x64-9de703df-0/5e15371f': Permission denied
rm: cannot remove '/tmp/node-compile-cache/v22.23.2-x64-9de703df-0/e90dd27f': Permission denied
rm: cannot remove '/tmp/node-compile-cache/v22.23.2-x64-9de703df-0/518e6db2': Permission denied
rm: cannot remove '/tmp/node-compile-cache/v22.23.2-x64-9de703df-0/436e0990': Permission denied
rm: cannot remove '/tmp/node-compile-cache/v22.23.2-x64-9de703df-0/aaff74f9': Permission denied
rm: cannot remove '/tmp/node-compile-cache/v22.23.2-x64-9de703df-0/5e2f2f14': Permission denied
rm: cannot remove '/tmp/node-compile-cache/v22.23.2-x64-9de703df-0/5b85805a': Permission denied
rm: cannot remove '/tmp/node-compile-cache/v22.23.2-x64-9de703df-0/057f0d84': Permission denied
rm: cannot remove '/tmp/node-compile-cache/v22.23.2-x64-9de703df-0/b5f81263': Permission denied
rm: cannot remove '/tmp/node-compile-cache/v22.23.2-x64-9de703df-0/b20aa54b': Permission denied
rm: cannot remove '/tmp/node-compile-cache/v22.23.2-x64-9de703df-0/06f773c7': Permission denied
rm: cannot remove '/tmp/node-compile-cache/v22.23.2-x64-9de703df-0/31db85fd': Permission denied
rm: cannot remove '/tmp/node-compile-cache/v22.23.2-x64-9de703df-0/7b81fa86': Permission denied
rm: cannot remove '/tmp/node-compile-cache/v22.23.2-x64-9de703df-0/0f063766': Permission denied
rm: cannot remove '/tmp/node-compile-cache/v22.23.2-x64-9de703df-0/475bb660': Permission denied
rm: cannot remove '/tmp/node-compile-cache/v22.23.2-x64-9de703df-0/ebac0d45': Permission denied
rm: cannot remove '/tmp/node-compile-cache/v22.23.2-x64-9de703df-0/357ecf82': Permission denied
rm: cannot remove '/tmp/node-compile-cache/v22.23.2-x64-9de703df-0/2c66374b': Permission denied
rm: cannot remove '/tmp/node-compile-cache/v22.23.2-x64-9de703df-0/07cf3f8a': Permission denied
rm: cannot remove '/tmp/node-compile-cache/v22.23.2-x64-9de703df-0/3c29b655': Permission denied
rm: cannot remove '/tmp/node-compile-cache/v22.23.2-x64-9de703df-0/47508c2e': Permission denied
rm: cannot remove '/tmp/node-compile-cache/v22.23.2-x64-9de703df-0/559ad2c2': Permission denied
rm: cannot remove '/tmp/node-compile-cache/v22.23.2-x64-9de703df-0/9f9db43a': Permission denied
rm: cannot remove '/tmp/node-compile-cache/v22.23.2-x64-9de703df-0/ea67da59': Permission denied
rm: cannot remove '/tmp/node-compile-cache/v22.23.2-x64-9de703df-0/753fef06': Permission denied
rm: cannot remove '/tmp/node-compile-cache/v22.23.2-x64-9de703df-0/ae7303a9': Permission denied
rm: cannot remove '/tmp/node-compile-cache/v22.23.2-x64-9de703df-0/bbc5b65c': Permission denied
rm: cannot remove '/tmp/node-compile-cache/v22.23.2-x64-9de703df-0/24d32a8d': Permission denied
rm: cannot remove '/tmp/node-compile-cache/v22.23.2-x64-9de703df-0/80d419f1': Permission denied
rm: cannot remove '/tmp/node-compile-cache/v22.23.2-x64-9de703df-0/5191235d': Permission denied
rm: cannot remove '/tmp/node-compile-cache/v22.23.2-x64-9de703df-0/9e724a52': Permission denied
rm: cannot remove '/tmp/node-compile-cache/v22.23.2-x64-9de703df-0/bf0ed511': Permission denied
rm: cannot remove '/tmp/node-compile-cache/v22.23.2-x64-9de703df-0/d1388c4a': Permission denied
rm: cannot remove '/tmp/node-compile-cache/v22.23.2-x64-9de703df-0/ae965f4a': Permission denied
rm: cannot remove '/tmp/node-compile-cache/v22.23.2-x64-9de703df-0/97ea8261': Permission denied
rm: cannot remove '/tmp/node-compile-cache/v22.23.2-x64-9de703df-0/6a65a83f': Permission denied
rm: cannot remove '/tmp/node-compile-cache/v22.23.2-x64-9de703df-0/80e0f000': Permission denied
rm: cannot remove '/tmp/node-compile-cache/v22.23.2-x64-9de703df-0/559b7e2b': Permission denied
rm: cannot remove '/tmp/node-compile-cache/v22.23.2-x64-9de703df-0/e3f73ed5': Permission denied
rm: cannot remove '/tmp/node-compile-cache/v22.23.2-x64-9de703df-0/4f340aea': Permission denied
rm: cannot remove '/tmp/node-compile-cache/v22.23.2-x64-9de703df-0/23ac1f21': Permission denied
rm: cannot remove '/tmp/node-compile-cache/v22.23.2-x64-9de703df-0/b3c6e157': Permission denied
rm: cannot remove '/tmp/node-compile-cache/v22.23.2-x64-9de703df-0/cdcb9a3a': Permission denied
rm: cannot remove '/tmp/node-compile-cache/v22.23.2-x64-9de703df-0/0c5232a3': Permission denied
rm: cannot remove '/tmp/node-compile-cache/v22.23.2-x64-9de703df-0/35ff1778': Permission denied
rm: cannot remove '/tmp/node-compile-cache/v22.23.2-x64-9de703df-0/d8be5a18': Permission denied
rm: cannot remove '/tmp/node-compile-cache/v22.23.2-x64-9de703df-0/6e21950d': Permission denied
rm: cannot remove '/tmp/node-compile-cache/v22.23.2-x64-9de703df-0/e2d2db5c': Permission denied
rm: cannot remove '/tmp/node-compile-cache/v22.23.2-x64-9de703df-0/4c47dc52': Permission denied
rm: cannot remove '/tmp/node-compile-cache/v22.23.2-x64-9de703df-0/80cea747': Permission denied
rm: cannot remove '/tmp/node-compile-cache/v22.23.2-x64-9de703df-0/1f328c74': Permission denied
rm: cannot remove '/tmp/node-compile-cache/v22.23.2-x64-9de703df-0/0d04415e': Permission denied
rm: cannot remove '/tmp/node-compile-cache/v22.23.2-x64-9de703df-0/278f25ae': Permission denied
rm: cannot remove '/tmp/node-compile-cache/v22.23.2-x64-9de703df-0/8fd2d67a': Permission denied
rm: cannot remove '/tmp/node-compile-cache/v22.23.2-x64-9de703df-0/90925e8d': Permission denied
rm: cannot remove '/tmp/node-compile-cache/v22.23.2-x64-9de703df-0/4390ba1e': Permission denied
rm: cannot remove '/tmp/node-compile-cache/v22.23.2-x64-9de703df-0/c81e7cd4': Permission denied
rm: cannot remove '/tmp/node-compile-cache/v22.23.2-x64-9de703df-0/de05357f': Permission denied
rm: cannot remove '/tmp/node-compile-cache/v22.23.2-x64-9de703df-0/dfe9ea14': Permission denied
rm: cannot remove '/tmp/node-compile-cache/v22.23.2-x64-9de703df-0/20d4355f': Permission denied
rm: cannot remove '/tmp/node-compile-cache/v22.23.2-x64-9de703df-0/391c424a': Permission denied
rm: cannot remove '/tmp/node-compile-cache/v22.23.2-x64-9de703df-0/1e2212b8': Permission denied
rm: cannot remove '/tmp/node-compile-cache/v22.23.2-x64-9de703df-0/9c6a3dce': Permission denied
rm: cannot remove '/tmp/node-compile-cache/v22.23.2-x64-9de703df-0/be8e3c53': Permission denied
rm: cannot remove '/tmp/node-compile-cache/v22.23.2-x64-9de703df-0/c82abdcb': Permission denied
rm: cannot remove '/tmp/node-compile-cache/v22.23.2-x64-9de703df-0/85ee96ac': Permission denied
rm: cannot remove '/tmp/node-compile-cache/v22.23.2-x64-9de703df-0/e083bc25': Permission denied
rm: cannot remove '/tmp/node-compile-cache/v22.23.2-x64-9de703df-0/50a7b1d6': Permission denied
rm: cannot remove '/tmp/node-compile-cache/v22.23.2-x64-9de703df-0/b694a736': Permission denied
rm: cannot remove '/tmp/node-compile-cache/v22.23.2-x64-9de703df-0/4c58a332': Permission denied
rm: cannot remove '/tmp/node-compile-cache/v22.23.2-x64-9de703df-0/5f919d1b': Permission denied
rm: cannot remove '/tmp/node-compile-cache/v22.23.2-x64-9de703df-0/2a8813f8': Permission denied
rm: cannot remove '/tmp/node-compile-cache/v22.23.2-x64-9de703df-0/aa862e85': Permission denied
rm: cannot remove '/tmp/node-compile-cache/v22.23.2-x64-9de703df-0/382de301': Permission denied
rm: cannot remove '/tmp/node-compile-cache/v22.23.2-x64-9de703df-0/ae5cd13f': Permission denied
rm: cannot remove '/tmp/node-compile-cache/v22.23.2-x64-9de703df-0/7fc846f5': Permission denied
rm: cannot remove '/tmp/node-compile-cache/v22.23.2-x64-9de703df-0/c45def14': Permission denied
rm: cannot remove '/tmp/node-compile-cache/v22.23.2-x64-9de703df-0/0fd0b3f1': Permission denied
rm: cannot remove '/tmp/node-compile-cache/v22.23.2-x64-9de703df-0/8fec5c6a': Permission denied
rm: cannot remove '/tmp/node-compile-cache/v22.23.2-x64-9de703df-0/ac2bd971': Permission denied
rm: cannot remove '/tmp/node-compile-cache/v22.23.2-x64-9de703df-0/5f7e7acf': Permission denied
rm: cannot remove '/tmp/node-compile-cache/v22.23.2-x64-9de703df-0/ef2e5440': Permission denied
rm: cannot remove '/tmp/node-compile-cache/v22.23.2-x64-9de703df-0/0fdd5abd': Permission denied
rm: cannot remove '/tmp/node-compile-cache/v22.23.2-x64-9de703df-0/66718a50': Permission denied
rm: cannot remove '/tmp/node-compile-cache/v22.23.2-x64-9de703df-0/61f7bb7b': Permission denied
rm: cannot remove '/tmp/node-compile-cache/v22.23.2-x64-9de703df-0/094e6b9e': Permission denied
rm: cannot remove '/tmp/node-compile-cache/v22.23.2-x64-9de703df-0/00279342': Permission denied
rm: cannot remove '/tmp/node-compile-cache/v22.23.2-x64-9de703df-0/57b160ad': Permission denied
rm: cannot remove '/tmp/node-compile-cache/v22.23.2-x64-9de703df-0/d86b1b2a': Permission denied
rm: cannot remove '/tmp/node-compile-cache/v24.18.1-x64-cf738c9d-1001/be8aee47': Permission denied
rm: cannot remove '/tmp/node-compile-cache/v24.18.1-x64-cf738c9d-1001/438b1c0c': Permission denied
rm: cannot remove '/tmp/node-compile-cache/v24.18.1-x64-cf738c9d-1003/709668d0': Permission denied
rm: cannot remove '/tmp/node-compile-cache/v24.18.1-x64-cf738c9d-1003/90165c36': Permission denied
rm: cannot remove '/tmp/node-compile-cache/v24.18.1-x64-cf738c9d-1003/10a9dbbd': Permission denied
rm: cannot remove '/tmp/node-compile-cache/v24.18.1-x64-cf738c9d-1003/6d17ae7d': Permission denied
rm: cannot remove '/tmp/nodejs_22.23.2-1nodesource1_amd64.deb': Operation not permitted
rm: cannot remove '/tmp/pyright-100766-30QcfkvB3YSt': Operation not permitted
rm: cannot remove '/tmp/pyright-10253-YYzNzdlWqlmV': Operation not permitted
rm: cannot remove '/tmp/pyright-103163-aqPzCXRolmLz': Operation not permitted
rm: cannot remove '/tmp/pyright-103191-3Q9TPAv2j7BZ': Operation not permitted
rm: cannot remove '/tmp/pyright-105736-Nilxl5Hq2EQg': Operation not permitted
rm: cannot remove '/tmp/pyright-107991-OCXdG1SMIq9t': Operation not permitted
rm: cannot remove '/tmp/pyright-110754-NQgEbzvPL60N': Operation not permitted
rm: cannot remove '/tmp/pyright-112940-Ha3LbUu9WKya': Operation not permitted
rm: cannot remove '/tmp/pyright-115734-rxUAfWWGcQlz': Operation not permitted
rm: cannot remove '/tmp/pyright-118099-fPVvZNqD01uD': Operation not permitted
rm: cannot remove '/tmp/pyright-120795-U7ImtUS2XL51': Operation not permitted
rm: cannot remove '/tmp/pyright-123162-EAUB7GvxQZOL': Operation not permitted
rm: cannot remove '/tmp/pyright-12484-I2KID7Fh21eI': Operation not permitted
rm: cannot remove '/tmp/pyright-125740-J4RW5bLiChr9': Operation not permitted
rm: cannot remove '/tmp/pyright-128298-a6WBraFX1x4b': Operation not permitted
rm: cannot remove '/tmp/pyright-130720-UHXPd1bErB3L': Operation not permitted
rm: cannot remove '/tmp/pyright-133494-onfURmlc1FdI': Operation not permitted
rm: cannot remove '/tmp/pyright-135675-6sEpu73rMPk4': Operation not permitted
rm: cannot remove '/tmp/pyright-138152-lkqLwl2abSlI': Operation not permitted
rm: cannot remove '/tmp/pyright-141006-I4mWEUsOqynT': Operation not permitted
rm: cannot remove '/tmp/pyright-143173-EvLkpvfEY25W': Operation not permitted
rm: cannot remove '/tmp/pyright-14464-zYNNMil8SvGd': Operation not permitted
rm: cannot remove '/tmp/pyright-145332-RL3ityz20RSi': Operation not permitted
rm: cannot remove '/tmp/pyright-147777-brewm0NTh2Gu': Operation not permitted
rm: cannot remove '/tmp/pyright-149983-pyz0kULFeXIS': Operation not permitted
rm: cannot remove '/tmp/pyright-152010-5vNFdUoM5sLP': Operation not permitted
rm: cannot remove '/tmp/pyright-154513-N1f0EGdMoN27': Operation not permitted
rm: cannot remove '/tmp/pyright-156821-aRGfgN4LV7FD': Operation not permitted
rm: cannot remove '/tmp/pyright-159371-MOd2EKvWKliW': Operation not permitted
rm: cannot remove '/tmp/pyright-161116-Xsk4j9la02Da': Operation not permitted
rm: cannot remove '/tmp/pyright-162789-8keFAxp7xG43': Operation not permitted
rm: cannot remove '/tmp/pyright-164458-DcIdmkDvnFpf': Operation not permitted
rm: cannot remove '/tmp/pyright-166390-bt5r1Mfsc0b9': Operation not permitted
rm: cannot remove '/tmp/pyright-16681-RGcMq5EhYz0q': Operation not permitted
rm: cannot remove '/tmp/pyright-168053-FyK15GBVcrTC': Operation not permitted
rm: cannot remove '/tmp/pyright-169814-jIDxOosv4N5d': Operation not permitted
rm: cannot remove '/tmp/pyright-171472-xiaMndsMZMi6': Operation not permitted
rm: cannot remove '/tmp/pyright-173403-ym5n7Y5EtJnJ': Operation not permitted
rm: cannot remove '/tmp/pyright-174803-BUMmzziG5W6r': Operation not permitted
rm: cannot remove '/tmp/pyright-174866-qo7c9yGaV65B': Operation not permitted
rm: cannot remove '/tmp/pyright-174913-xF2ggoCrvbaf': Operation not permitted
rm: cannot remove '/tmp/pyright-174963-UksZXbpkpz5v': Operation not permitted
rm: cannot remove '/tmp/pyright-175024-dkk5zxYtKN20': Operation not permitted
rm: cannot remove '/tmp/pyright-175074-RzAr6Ys4AuLC': Operation not permitted
rm: cannot remove '/tmp/pyright-175122-ASM0Vh0Hehy8': Operation not permitted
rm: cannot remove '/tmp/pyright-175180-ARKUejST0gfW': Operation not permitted
rm: cannot remove '/tmp/pyright-175238-0Rgtp3QOqrUk': Operation not permitted
rm: cannot remove '/tmp/pyright-175291-A3UfuUHCw5zF': Operation not permitted
rm: cannot remove '/tmp/pyright-175341-f1F71yUy7hYB': Operation not permitted
rm: cannot remove '/tmp/pyright-175406-BBQdAfnfZtxL': Operation not permitted
rm: cannot remove '/tmp/pyright-175451-dq1hNDeyxUXT': Operation not permitted
rm: cannot remove '/tmp/pyright-175514-mZmi9RsxS1jS': Operation not permitted
rm: cannot remove '/tmp/pyright-175845-vTTcIQ5yMKTP': Operation not permitted
rm: cannot remove '/tmp/pyright-175916-qNzGSdkn5onR': Operation not permitted
rm: cannot remove '/tmp/pyright-175973-OHVGt42aS1s1': Operation not permitted
rm: cannot remove '/tmp/pyright-176029-Gg9qzVDxiyZm': Operation not permitted
rm: cannot remove '/tmp/pyright-176099-2gB87KiFuxqF': Operation not permitted
rm: cannot remove '/tmp/pyright-176157-SW05YLk2gG2h': Operation not permitted
rm: cannot remove '/tmp/pyright-176219-oM4BGvYrtJMy': Operation not permitted
rm: cannot remove '/tmp/pyright-1847502-AwVRSxHc4IPa': Operation not permitted
rm: cannot remove '/tmp/pyright-1852985-4sOnAKuofcGj': Operation not permitted
rm: cannot remove '/tmp/pyright-1859990-wlv16OaJkKBF': Operation not permitted
rm: cannot remove '/tmp/pyright-18629-J7vcy0TUvW13': Operation not permitted
rm: cannot remove '/tmp/pyright-1867548-mWyYLVRZgb3n': Operation not permitted
rm: cannot remove '/tmp/pyright-1877921-0S7E6P7bIvqB': Operation not permitted
rm: cannot remove '/tmp/pyright-1878374-iT8SH638kPfv': Operation not permitted
rm: cannot remove '/tmp/pyright-1880662-mFJD0y0cR9U6': Operation not permitted
rm: cannot remove '/tmp/pyright-1881937-yDLfAr639frW': Operation not permitted
rm: cannot remove '/tmp/pyright-1882381-T4BgpYsoFKV9': Operation not permitted
rm: cannot remove '/tmp/pyright-1882781-8tElCfI1sejb': Operation not permitted
rm: cannot remove '/tmp/pyright-1883198-T3sJjiuN3Sys': Operation not permitted
rm: cannot remove '/tmp/pyright-1883724-HZscmSrmIHC1': Operation not permitted
rm: cannot remove '/tmp/pyright-1884138-GUN34YK3v0U7': Operation not permitted
rm: cannot remove '/tmp/pyright-1884537-U7jqL6PwQ33O': Operation not permitted
rm: cannot remove '/tmp/pyright-1884928-n33Uj1UeG9Rg': Operation not permitted
rm: cannot remove '/tmp/pyright-1885313-i0yMqBeMfdAP': Operation not permitted
rm: cannot remove '/tmp/pyright-1885694-EljIEO2FXd2F': Operation not permitted
rm: cannot remove '/tmp/pyright-1886091-g5Femz1ABYaZ': Operation not permitted
rm: cannot remove '/tmp/pyright-1886475-L9k3l4o2DNNg': Operation not permitted
rm: cannot remove '/tmp/pyright-1886873-jY5IpqZNB5mE': Operation not permitted
rm: cannot remove '/tmp/pyright-1887278-ANuj9PKMdpjg': Operation not permitted
rm: cannot remove '/tmp/pyright-1887669-ihwH6NXgLab7': Operation not permitted
rm: cannot remove '/tmp/pyright-1888069-HVqB7WugY8TG': Operation not permitted
rm: cannot remove '/tmp/pyright-1888478-PYlQ9J8lY5ec': Operation not permitted
rm: cannot remove '/tmp/pyright-1888880-nGjIjsPW322G': Operation not permitted
rm: cannot remove '/tmp/pyright-1889290-WYQvmJcBIibM': Operation not permitted
rm: cannot remove '/tmp/pyright-1889691-DojdIbCc8ez0': Operation not permitted
rm: cannot remove '/tmp/pyright-1890084-yOZca1XUcbZG': Operation not permitted
rm: cannot remove '/tmp/pyright-1890476-jv2EATIfH9l3': Operation not permitted
rm: cannot remove '/tmp/pyright-1890873-T4B6659vXTKv': Operation not permitted
rm: cannot remove '/tmp/pyright-1891248-bMF5wG2jNEF7': Operation not permitted
rm: cannot remove '/tmp/pyright-1891624-o2KkRubToCQJ': Operation not permitted
rm: cannot remove '/tmp/pyright-1892025-EbCE9W5W6z3q': Operation not permitted
rm: cannot remove '/tmp/pyright-1892401-1ty1bidjurwX': Operation not permitted
rm: cannot remove '/tmp/pyright-1892773-GQT6AeJD3jAL': Operation not permitted
rm: cannot remove '/tmp/pyright-1893166-WkCeKwL69RFW': Operation not permitted
rm: cannot remove '/tmp/pyright-1893546-4pRWuaH2dUnb': Operation not permitted
rm: cannot remove '/tmp/pyright-1893929-pdNEe8cFfYhP': Operation not permitted
rm: cannot remove '/tmp/pyright-1894319-EOgchb0E9BG4': Operation not permitted
rm: cannot remove '/tmp/pyright-1895412-uWWa76N4Nulo': Operation not permitted
rm: cannot remove '/tmp/pyright-1896362-5D9x5XccNqC4': Operation not permitted
rm: cannot remove '/tmp/pyright-1896751-mvIc7oxNoU9T': Operation not permitted
rm: cannot remove '/tmp/pyright-1897287-HObtoJxUulxf': Operation not permitted
rm: cannot remove '/tmp/pyright-1897647-gtUFP1iD5Jqa': Operation not permitted
rm: cannot remove '/tmp/pyright-1898051-AVvumGkokEj6': Operation not permitted
rm: cannot remove '/tmp/pyright-1898458-B7WSSdlFpcMF': Operation not permitted
rm: cannot remove '/tmp/pyright-1898863-sdzu6EfvVLKK': Operation not permitted
rm: cannot remove '/tmp/pyright-1899279-p3gYMPegVjSq': Operation not permitted
rm: cannot remove '/tmp/pyright-1900339-q46M9buXqp72': Operation not permitted
rm: cannot remove '/tmp/pyright-1902285-YjHFWisPWhYk': Operation not permitted
rm: cannot remove '/tmp/pyright-1903635-K87ovjsHAlVi': Operation not permitted
rm: cannot remove '/tmp/pyright-1904885-0kpvzy3TjbNz': Operation not permitted
rm: cannot remove '/tmp/pyright-1906037-gjZ0I1Ccowaq': Operation not permitted
rm: cannot remove '/tmp/pyright-1907255-D2h0yY7La21h': Operation not permitted
rm: cannot remove '/tmp/pyright-1908468-DDT46O6OFUnh': Operation not permitted
rm: cannot remove '/tmp/pyright-1910332-xymYMsXxhNpY': Operation not permitted
rm: cannot remove '/tmp/pyright-1910731-f37P0tufh213': Operation not permitted
rm: cannot remove '/tmp/pyright-1911142-y8fM47oZz4r4': Operation not permitted
rm: cannot remove '/tmp/pyright-1911555-LCkNh0Z88ArV': Operation not permitted
rm: cannot remove '/tmp/pyright-1911974-v2a0Qmq20znh': Operation not permitted
rm: cannot remove '/tmp/pyright-1913593-rlzOgGddXqS0': Operation not permitted
rm: cannot remove '/tmp/pyright-1916078-Q4b3WaYAb6up': Operation not permitted
rm: cannot remove '/tmp/pyright-1918904-zEC4thJYCgOL': Operation not permitted
rm: cannot remove '/tmp/pyright-1920093-H7yN8Hup0dfH': Operation not permitted
rm: cannot remove '/tmp/pyright-1922130-VnsY6h2Cso7e': Operation not permitted
rm: cannot remove '/tmp/pyright-1923273-xKsP68YysMq3': Operation not permitted
rm: cannot remove '/tmp/pyright-1924642-3t9FHVjkPeho': Operation not permitted
rm: cannot remove '/tmp/pyright-20859-8hhGIMbME6Dv': Operation not permitted
rm: cannot remove '/tmp/pyright-2126568-fYiuEv65aI7q': Operation not permitted
rm: cannot remove '/tmp/pyright-2131911-fG0E7mtqWaQ2': Operation not permitted
rm: cannot remove '/tmp/pyright-2137147-6bhl24rL1wic': Operation not permitted
rm: cannot remove '/tmp/pyright-2140659-7sVSw0GJY2UI': Operation not permitted
rm: cannot remove '/tmp/pyright-2143546-sXyhf91vYSTR': Operation not permitted
rm: cannot remove '/tmp/pyright-2146391-FHD5A5Xd3A5E': Operation not permitted
rm: cannot remove '/tmp/pyright-2149151-Cb77aWcrx8UI': Operation not permitted
rm: cannot remove '/tmp/pyright-2152340-pX661NzB4bGR': Operation not permitted
rm: cannot remove '/tmp/pyright-2154972-cXIOVITH5QXM': Operation not permitted
rm: cannot remove '/tmp/pyright-2156839-EJeLXApEUinb': Operation not permitted
rm: cannot remove '/tmp/pyright-2159165-7Xm6A28Rz0fL': Operation not permitted
rm: cannot remove '/tmp/pyright-2161567-iT6YBsAcbIPL': Operation not permitted
rm: cannot remove '/tmp/pyright-2164596-SjvD6mvHKtx3': Operation not permitted
rm: cannot remove '/tmp/pyright-2168410-oPOpZRPVjcDJ': Operation not permitted
rm: cannot remove '/tmp/pyright-2172064-L8zkPy1peWJh': Operation not permitted
rm: cannot remove '/tmp/pyright-2175407-uT5CmZySrgDv': Operation not permitted
rm: cannot remove '/tmp/pyright-2177523-uvjF7SQ29zXR': Operation not permitted
rm: cannot remove '/tmp/pyright-2180294-Q0BHcJinrTck': Operation not permitted
rm: cannot remove '/tmp/pyright-2182451-pttZnKG38pST': Operation not permitted
rm: cannot remove '/tmp/pyright-2184932-b26f89D98DKK': Operation not permitted
rm: cannot remove '/tmp/pyright-2187887-4M0dWd262QQJ': Operation not permitted
rm: cannot remove '/tmp/pyright-2190671-146eCA75j2lv': Operation not permitted
rm: cannot remove '/tmp/pyright-2192748-BWzBxPOUaj7w': Operation not permitted
rm: cannot remove '/tmp/pyright-2194964-8b7qwjxmMc2e': Operation not permitted
rm: cannot remove '/tmp/pyright-2198370-zqgBpfPT75pK': Operation not permitted
rm: cannot remove '/tmp/pyright-2200873-BHrvL7lLqSrv': Operation not permitted
rm: cannot remove '/tmp/pyright-2203809-N5TxCrbl05Yj': Operation not permitted
rm: cannot remove '/tmp/pyright-2206349-xIxTaXNG75ke': Operation not permitted
rm: cannot remove '/tmp/pyright-2208791-FWeCqe2XeGtW': Operation not permitted
rm: cannot remove '/tmp/pyright-2211701-GdGsPrZYuOSA': Operation not permitted
rm: cannot remove '/tmp/pyright-2214103-dHou5gHNMCSi': Operation not permitted
rm: cannot remove '/tmp/pyright-2217381-TRXEq8KSZfzC': Operation not permitted
rm: cannot remove '/tmp/pyright-2224113-FYpyo4JgxJgS': Operation not permitted
rm: cannot remove '/tmp/pyright-2226861-q7O2SrgPr6WQ': Operation not permitted
rm: cannot remove '/tmp/pyright-2229134-ez1cbo9FIN0q': Operation not permitted
rm: cannot remove '/tmp/pyright-2231881-BH1YqnqQGNB4': Operation not permitted
rm: cannot remove '/tmp/pyright-2234415-BlZ9VOOTBgmM': Operation not permitted
rm: cannot remove '/tmp/pyright-2237139-sS0IQf77Ogbs': Operation not permitted
rm: cannot remove '/tmp/pyright-2240096-BTOhSTrrfEdV': Operation not permitted
rm: cannot remove '/tmp/pyright-2242727-OLO1imCDccAu': Operation not permitted
rm: cannot remove '/tmp/pyright-2244997-77BRVyf9P4J9': Operation not permitted
rm: cannot remove '/tmp/pyright-2248198-uoKooXUVfdTU': Operation not permitted
rm: cannot remove '/tmp/pyright-2250968-lnIr7QMoFqbw': Operation not permitted
rm: cannot remove '/tmp/pyright-2253986-MaXp9QCy21Cl': Operation not permitted
rm: cannot remove '/tmp/pyright-2256469-U6VHYjyye6zs': Operation not permitted
rm: cannot remove '/tmp/pyright-2259052-TSxbO87Sm5dZ': Operation not permitted
rm: cannot remove '/tmp/pyright-2261754-01QlpjTlqj0n': Operation not permitted
rm: cannot remove '/tmp/pyright-2264687-yprsn6XrMGK6': Operation not permitted
rm: cannot remove '/tmp/pyright-2267474-uHq7RHY32Cyq': Operation not permitted
rm: cannot remove '/tmp/pyright-2270025-ryU4Jd5C4tep': Operation not permitted
rm: cannot remove '/tmp/pyright-2272741-m09clMUfDc0l': Operation not permitted
rm: cannot remove '/tmp/pyright-2274442-19kc5I5jocSn': Operation not permitted
rm: cannot remove '/tmp/pyright-2276039-bkpeTBQketBW': Operation not permitted
rm: cannot remove '/tmp/pyright-2277925-9GWdI0jpfUZF': Operation not permitted
rm: cannot remove '/tmp/pyright-2279875-LjSkLkP7y7p9': Operation not permitted
rm: cannot remove '/tmp/pyright-2280954-Hsvldpun2Wh6': Operation not permitted
rm: cannot remove '/tmp/pyright-2282841-1ehDB5FRigO2': Operation not permitted
rm: cannot remove '/tmp/pyright-2284316-odBEaTvUPRUU': Operation not permitted
rm: cannot remove '/tmp/pyright-2286678-jY0C75CXBVPS': Operation not permitted
rm: cannot remove '/tmp/pyright-2288225-TrFmHZahFj5D': Operation not permitted
rm: cannot remove '/tmp/pyright-2290039-FrBtQsMMvym8': Operation not permitted
rm: cannot remove '/tmp/pyright-2291792-WZw8hrX4pfww': Operation not permitted
rm: cannot remove '/tmp/pyright-2293234-yCJ6KKL5HQ59': Operation not permitted
rm: cannot remove '/tmp/pyright-2295188-CauvFSg02iBx': Operation not permitted
rm: cannot remove '/tmp/pyright-2297130-A8Ck0vXkvtrt': Operation not permitted
rm: cannot remove '/tmp/pyright-2298984-K6e3hSsT3LAU': Operation not permitted
rm: cannot remove '/tmp/pyright-2300990-jIXaA4AMggbh': Operation not permitted
rm: cannot remove '/tmp/pyright-2302381-h7EVkV4vPqoV': Operation not permitted
rm: cannot remove '/tmp/pyright-2303876-IVgvt1VC6rj5': Operation not permitted
rm: cannot remove '/tmp/pyright-2305364-eP24K4LeBSMN': Operation not permitted
rm: cannot remove '/tmp/pyright-2307422-Cp9nhcJgzS00': Operation not permitted
rm: cannot remove '/tmp/pyright-23081-bnV5EO8Jt1Z0': Operation not permitted
rm: cannot remove '/tmp/pyright-2308480-4wGucUx8dDda': Operation not permitted
rm: cannot remove '/tmp/pyright-2310143-J4noA0ICTS4i': Operation not permitted
rm: cannot remove '/tmp/pyright-2311426-pj1IiJv9rhFa': Operation not permitted
rm: cannot remove '/tmp/pyright-2312982-93lkO4VWwam5': Operation not permitted
rm: cannot remove '/tmp/pyright-2314592-2AOEyRB35mB3': Operation not permitted
rm: cannot remove '/tmp/pyright-2316197-clMyFQWELjlA': Operation not permitted
rm: cannot remove '/tmp/pyright-2318289-0umebvuF63bW': Operation not permitted
rm: cannot remove '/tmp/pyright-2320807-5c8Rvgovv8vA': Operation not permitted
rm: cannot remove '/tmp/pyright-2323354-vBOTBs9CkboG': Operation not permitted
rm: cannot remove '/tmp/pyright-2325769-orma6NILJItf': Operation not permitted
rm: cannot remove '/tmp/pyright-2327189-ysknKbDiKq9o': Operation not permitted
rm: cannot remove '/tmp/pyright-2328827-8mlsklTMVs09': Operation not permitted
rm: cannot remove '/tmp/pyright-2330345-IjPbFCYuuyGq': Operation not permitted
rm: cannot remove '/tmp/pyright-2332181-WQLVhVROuoLp': Operation not permitted
rm: cannot remove '/tmp/pyright-2333815-Vb8GSxB4XOcJ': Operation not permitted
rm: cannot remove '/tmp/pyright-2336278-JK5OWm0B5iXn': Operation not permitted
rm: cannot remove '/tmp/pyright-2339174-i0sZPEgO1wsA': Operation not permitted
rm: cannot remove '/tmp/pyright-2341987-OuPQowIHkiWV': Operation not permitted
rm: cannot remove '/tmp/pyright-2344408-11daB8LZnTyF': Operation not permitted
rm: cannot remove '/tmp/pyright-2346534-YVUvlaRlgmpy': Operation not permitted
rm: cannot remove '/tmp/pyright-2349181-O1qorxTDneul': Operation not permitted
rm: cannot remove '/tmp/pyright-2351806-oZNxcqM1Hf96': Operation not permitted
rm: cannot remove '/tmp/pyright-2355543-k7lLrevjwLIv': Operation not permitted
rm: cannot remove '/tmp/pyright-2358203-s4mOI72c8qg5': Operation not permitted
rm: cannot remove '/tmp/pyright-2360787-Ub7GasDMBz7L': Operation not permitted
rm: cannot remove '/tmp/pyright-2363659-OhN2pQnpIjL2': Operation not permitted
rm: cannot remove '/tmp/pyright-2366162-dgk72V7wP2za': Operation not permitted
rm: cannot remove '/tmp/pyright-2368797-cOe7SVR7N2yi': Operation not permitted
rm: cannot remove '/tmp/pyright-2371363-iBBrqCfRDFAt': Operation not permitted
rm: cannot remove '/tmp/pyright-2374040-OUPt0b3AFaWN': Operation not permitted
rm: cannot remove '/tmp/pyright-2376140-4jECf7L7xVUD': Operation not permitted
rm: cannot remove '/tmp/pyright-2378487-kVz6f3Zhk4Ym': Operation not permitted
rm: cannot remove '/tmp/pyright-2380646-LmS366KW5Rva': Operation not permitted
rm: cannot remove '/tmp/pyright-2383790-Cry2rsz9oLFn': Operation not permitted
rm: cannot remove '/tmp/pyright-2386572-004pFcYd4W1R': Operation not permitted
rm: cannot remove '/tmp/pyright-2388958-1QbAbMqdflZh': Operation not permitted
rm: cannot remove '/tmp/pyright-2391028-2ZqPjLV1o4v8': Operation not permitted
rm: cannot remove '/tmp/pyright-2394095-md1LCyNtGXpo': Operation not permitted
rm: cannot remove '/tmp/pyright-2396133-cPpCkQODCJmp': Operation not permitted
rm: cannot remove '/tmp/pyright-2399094-2GzKwEbybwx1': Operation not permitted
rm: cannot remove '/tmp/pyright-2401212-JaUP9p0gBdj2': Operation not permitted
rm: cannot remove '/tmp/pyright-2403034-p6oLtLcfOCx9': Operation not permitted
rm: cannot remove '/tmp/pyright-25032-00uITJAauqqL': Operation not permitted
rm: cannot remove '/tmp/pyright-2621111-E1UBmWpNmGNO': Operation not permitted
rm: cannot remove '/tmp/pyright-2624288-kpGgm7ZseFp4': Operation not permitted
rm: cannot remove '/tmp/pyright-2628477-4VBCZOJ67khu': Operation not permitted
rm: cannot remove '/tmp/pyright-2631837-IphIWAgWj4km': Operation not permitted
rm: cannot remove '/tmp/pyright-2634327-GI2EyxjXggyu': Operation not permitted
rm: cannot remove '/tmp/pyright-2637456-J3aEMNt6UGZ7': Operation not permitted
rm: cannot remove '/tmp/pyright-2640142-bvdX2PmTrCxa': Operation not permitted
rm: cannot remove '/tmp/pyright-2644047-7Vdb1i2ujP8M': Operation not permitted
rm: cannot remove '/tmp/pyright-2646901-tD0n0h787S2J': Operation not permitted
rm: cannot remove '/tmp/pyright-2649963-INMGS0Fpik49': Operation not permitted
rm: cannot remove '/tmp/pyright-2653422-VA7vIl9bV5pR': Operation not permitted
rm: cannot remove '/tmp/pyright-2659904-M2OQnAEWc6YR': Operation not permitted
rm: cannot remove '/tmp/pyright-2669513-2rC3uhYy2ojl': Operation not permitted
rm: cannot remove '/tmp/pyright-2674809-3CuZtIUtcoa8': Operation not permitted
rm: cannot remove '/tmp/pyright-2678737-6rjwTS5xpqYD': Operation not permitted
rm: cannot remove '/tmp/pyright-2683015-BNseMRulZIeW': Operation not permitted
rm: cannot remove '/tmp/pyright-2687852-A9i7NTrB8VE4': Operation not permitted
rm: cannot remove '/tmp/pyright-27259-93tT1SJcYMwM': Operation not permitted
rm: cannot remove '/tmp/pyright-2761155-OigxrnygNOLt': Operation not permitted
rm: cannot remove '/tmp/pyright-2764675-fC5tLY5llj0n': Operation not permitted
rm: cannot remove '/tmp/pyright-2766925-rToJbFXB6b6O': Operation not permitted
rm: cannot remove '/tmp/pyright-2769346-TKV5C9nKJYrY': Operation not permitted
rm: cannot remove '/tmp/pyright-2771528-Ww2n11C6n7nq': Operation not permitted
rm: cannot remove '/tmp/pyright-2774240-ipg3hAcvCT65': Operation not permitted
rm: cannot remove '/tmp/pyright-2776589-qNKk4J6Mc8yN': Operation not permitted
rm: cannot remove '/tmp/pyright-2778844-Yj14tXzcb0EI': Operation not permitted
rm: cannot remove '/tmp/pyright-2781211-0YO5Kw41qRcF': Operation not permitted
rm: cannot remove '/tmp/pyright-2783182-d0e1Ni4TZEnP': Operation not permitted
rm: cannot remove '/tmp/pyright-2786946-aN3Ke7AbzvQg': Operation not permitted
rm: cannot remove '/tmp/pyright-2791799-tL4NYnC0GaMz': Operation not permitted
rm: cannot remove '/tmp/pyright-2794133-t2TIhUPgoycX': Operation not permitted
rm: cannot remove '/tmp/pyright-2796971-jn1jMy72JHFN': Operation not permitted
rm: cannot remove '/tmp/pyright-2800392-ElM9kKnELink': Operation not permitted
rm: cannot remove '/tmp/pyright-2808426-OlW7FKV0OGS1': Operation not permitted
rm: cannot remove '/tmp/pyright-2811787-GBlRwe3Pno2M': Operation not permitted
rm: cannot remove '/tmp/pyright-2816368-S2H5GlCUiGs5': Operation not permitted
rm: cannot remove '/tmp/pyright-2819588-RIE49Unltrdf': Operation not permitted
rm: cannot remove '/tmp/pyright-2821739-cvbSssQvURKv': Operation not permitted
rm: cannot remove '/tmp/pyright-2826655-L6cG26pKKMky': Operation not permitted
rm: cannot remove '/tmp/pyright-2831003-8Jv1vmmuDo3l': Operation not permitted
rm: cannot remove '/tmp/pyright-2835572-Mm1OCJiJEug7': Operation not permitted
rm: cannot remove '/tmp/pyright-2839610-wpz81cXNVGYp': Operation not permitted
rm: cannot remove '/tmp/pyright-2846005-X1rfAMZXozoD': Operation not permitted
rm: cannot remove '/tmp/pyright-2860134-LedxBcIjcy3w': Operation not permitted
rm: cannot remove '/tmp/pyright-2864984-Khfu615aCGPg': Operation not permitted
rm: cannot remove '/tmp/pyright-2868407-dcny9VYzNrvY': Operation not permitted
rm: cannot remove '/tmp/pyright-2872711-Y7yW35hQiC1P': Operation not permitted
rm: cannot remove '/tmp/pyright-2881911-XzjtUtQEVhYX': Operation not permitted
rm: cannot remove '/tmp/pyright-2911763-BmZqiFsKzrbR': Operation not permitted
rm: cannot remove '/tmp/pyright-2918400-4J1YP1e73dml': Operation not permitted
rm: cannot remove '/tmp/pyright-29208-GKqwKQvHve8t': Operation not permitted
rm: cannot remove '/tmp/pyright-2926011-SFRTEbefCAlX': Operation not permitted
rm: cannot remove '/tmp/pyright-2932128-CuoruH7KGUG0': Operation not permitted
rm: cannot remove '/tmp/pyright-2938837-ZFg9KJFnjQ81': Operation not permitted
rm: cannot remove '/tmp/pyright-2944164-W0aw4tlIdMXl': Operation not permitted
rm: cannot remove '/tmp/pyright-2949324-uZe5uHHTCvra': Operation not permitted
rm: cannot remove '/tmp/pyright-2959325-R91kKqkxm4f9': Operation not permitted
rm: cannot remove '/tmp/pyright-2964738-9TcDaOMkndli': Operation not permitted
rm: cannot remove '/tmp/pyright-2970504-sVZwPaDoK7dH': Operation not permitted
rm: cannot remove '/tmp/pyright-2976310-P59WV3EgCwud': Operation not permitted
rm: cannot remove '/tmp/pyright-2982450-lgDBXci9gl7i': Operation not permitted
rm: cannot remove '/tmp/pyright-2986658-tSCX8mOZ3MBB': Operation not permitted
rm: cannot remove '/tmp/pyright-2989161-U2F0H77eLyo5': Operation not permitted
rm: cannot remove '/tmp/pyright-31434-JzTcnrlwbMg5': Operation not permitted
rm: cannot remove '/tmp/pyright-3278823-z5iaYftdHAWY': Operation not permitted
rm: cannot remove '/tmp/pyright-33395-jz0D02atOUTG': Operation not permitted
rm: cannot remove '/tmp/pyright-3370-qTPsI9KB8pQD': Operation not permitted
rm: cannot remove '/tmp/pyright-35621-2mKSDdr5wTwi': Operation not permitted
rm: cannot remove '/tmp/pyright-37873-VeuyIbF7X7g5': Operation not permitted
rm: cannot remove '/tmp/pyright-3978484-Lf2RF7uHUQWU': Operation not permitted
rm: cannot remove '/tmp/pyright-40117-9grUCbH1iqIk': Operation not permitted
rm: cannot remove '/tmp/pyright-4097831-QB3iB6Q5YyzG': Operation not permitted
rm: cannot remove '/tmp/pyright-4104799-VaM9eJPFzDLp': Operation not permitted
rm: cannot remove '/tmp/pyright-4107857-QajpK2C95NzN': Operation not permitted
rm: cannot remove '/tmp/pyright-4110978-S22JHOvUtNIN': Operation not permitted
rm: cannot remove '/tmp/pyright-4114502-uMVSptZuiTjE': Operation not permitted
rm: cannot remove '/tmp/pyright-4118956-koDrPInYuIrK': Operation not permitted
rm: cannot remove '/tmp/pyright-4122507-IJqEy4xe7mIO': Operation not permitted
rm: cannot remove '/tmp/pyright-4124631-e8aQWhRDagwP': Operation not permitted
rm: cannot remove '/tmp/pyright-4151357-rDZuotPhnCnm': Operation not permitted
rm: cannot remove '/tmp/pyright-4155354-nErEAKEa8YPi': Operation not permitted
rm: cannot remove '/tmp/pyright-4157732-m0CthOd13PFw': Operation not permitted
rm: cannot remove '/tmp/pyright-4159684-Gwc3oel5JEl3': Operation not permitted
rm: cannot remove '/tmp/pyright-4161986-DzTPZTxPBclE': Operation not permitted
rm: cannot remove '/tmp/pyright-4163941-cOU8hEu70VEJ': Operation not permitted
rm: cannot remove '/tmp/pyright-4165928-oRJsmuIcekBt': Operation not permitted
rm: cannot remove '/tmp/pyright-4168157-6F6WD61DE3rG': Operation not permitted
rm: cannot remove '/tmp/pyright-4170096-W0s311A5T6uy': Operation not permitted
rm: cannot remove '/tmp/pyright-4172070-aY1biHHJzpKy': Operation not permitted
rm: cannot remove '/tmp/pyright-4174081-C5Q3uf89x67Q': Operation not permitted
rm: cannot remove '/tmp/pyright-4176243-hVnJhXIHXZr1': Operation not permitted
rm: cannot remove '/tmp/pyright-4178195-jQlC2EvDqavQ': Operation not permitted
rm: cannot remove '/tmp/pyright-4180143-Ht1Ffsjsbo7E': Operation not permitted
rm: cannot remove '/tmp/pyright-4182089-yDUm7x5Yc3eC': Operation not permitted
rm: cannot remove '/tmp/pyright-4184042-TELO1RR53BCM': Operation not permitted
rm: cannot remove '/tmp/pyright-4186269-FP9yi4hyjVGO': Operation not permitted
rm: cannot remove '/tmp/pyright-4188219-iyHCEh9I3j6s': Operation not permitted
rm: cannot remove '/tmp/pyright-4190168-nHBsbK28UAHR': Operation not permitted
rm: cannot remove '/tmp/pyright-4192117-hXUKpuIehf6g': Operation not permitted
rm: cannot remove '/tmp/pyright-4194060-Vw0rhgRAd9zz': Operation not permitted
rm: cannot remove '/tmp/pyright-42084-ymix4Mwnb7os': Operation not permitted
rm: cannot remove '/tmp/pyright-44314-2G5Ettl4U6kr': Operation not permitted
rm: cannot remove '/tmp/pyright-46388-0NbMaycJI0rP': Operation not permitted
rm: cannot remove '/tmp/pyright-47942-74eWeTbYcZuP': Operation not permitted
rm: cannot remove '/tmp/pyright-48620-lv13OGW1Du1n': Operation not permitted
rm: cannot remove '/tmp/pyright-50595-EMw40xN2CRWC': Operation not permitted
rm: cannot remove '/tmp/pyright-52452-JCReF1xuvvi4': Operation not permitted
rm: cannot remove '/tmp/pyright-52838-Zy2VaSA8M5x8': Operation not permitted
rm: cannot remove '/tmp/pyright-54686-dvw7ve8RdYxg': Operation not permitted
rm: cannot remove '/tmp/pyright-54826-EVBGletA7BGR': Operation not permitted
rm: cannot remove '/tmp/pyright-57042-EFUptHR0Z4cq': Operation not permitted
rm: cannot remove '/tmp/pyright-57207-C68V99GQJ2i1': Operation not permitted
rm: cannot remove '/tmp/pyright-59189-FDrzsojs0sDY': Operation not permitted
rm: cannot remove '/tmp/pyright-5923-1asQMdUBWrLG': Operation not permitted
rm: cannot remove '/tmp/pyright-59450-1gxtfP29F8R6': Operation not permitted
rm: cannot remove '/tmp/pyright-601206-3CGi9atCQr7b': Operation not permitted
rm: cannot remove '/tmp/pyright-603687-Wvfg4WjMEzs8': Operation not permitted
rm: cannot remove '/tmp/pyright-605796-75AZXGMs0gq0': Operation not permitted
rm: cannot remove '/tmp/pyright-608101-Y2H7U1yEw6SC': Operation not permitted
rm: cannot remove '/tmp/pyright-610183-dHFc6HEt93oQ': Operation not permitted
rm: cannot remove '/tmp/pyright-61137-80xDf7tkFFOZ': Operation not permitted
rm: cannot remove '/tmp/pyright-61236-oI5IwS40ZJHl': Operation not permitted
rm: cannot remove '/tmp/pyright-612438-QQtOo4nf223B': Operation not permitted
rm: cannot remove '/tmp/pyright-614987-be1XISlUnvUt': Operation not permitted
rm: cannot remove '/tmp/pyright-618236-4ow3q4HprD3M': Operation not permitted
rm: cannot remove '/tmp/pyright-622125-mJLQKNBHefR3': Operation not permitted
rm: cannot remove '/tmp/pyright-625860-e4o4feOomG1W': Operation not permitted
rm: cannot remove '/tmp/pyright-630112-CTHlqvGr0232': Operation not permitted
rm: cannot remove '/tmp/pyright-63111-uxT4xgFxtjl3': Operation not permitted
rm: cannot remove '/tmp/pyright-632401-8OzFj1cWjfyN': Operation not permitted
rm: cannot remove '/tmp/pyright-635001-l9EhRCQ9GCCs': Operation not permitted
rm: cannot remove '/tmp/pyright-63540-zhNAZ0ugwKis': Operation not permitted
rm: cannot remove '/tmp/pyright-639018-mnzXnoeHFYhd': Operation not permitted
rm: cannot remove '/tmp/pyright-642825-oAq3L0Ua3d5j': Operation not permitted
rm: cannot remove '/tmp/pyright-646577-JI1B2nO2pMmQ': Operation not permitted
rm: cannot remove '/tmp/pyright-64801-LSna4Gqjv92H': Operation not permitted
rm: cannot remove '/tmp/pyright-648702-UMO0V3j7gpOU': Operation not permitted
rm: cannot remove '/tmp/pyright-650810-Hf5RAWNqoStg': Operation not permitted
rm: cannot remove '/tmp/pyright-652991-FRCg8Dep3qSz': Operation not permitted
rm: cannot remove '/tmp/pyright-65497-yZ4nTiPkkfWw': Operation not permitted
rm: cannot remove '/tmp/pyright-655232-01vZF2e1h7vy': Operation not permitted
rm: cannot remove '/tmp/pyright-657196-soCWKz30Alar': Operation not permitted
rm: cannot remove '/tmp/pyright-659433-148UJ33l0WzI': Operation not permitted
rm: cannot remove '/tmp/pyright-661516-nSpuyqfj6HXW': Operation not permitted
rm: cannot remove '/tmp/pyright-663816-KS4gZtf6akeK': Operation not permitted
rm: cannot remove '/tmp/pyright-664695-9xX0N9vnds3s': Operation not permitted
rm: cannot remove '/tmp/pyright-664740-mkpj4VuHUBo9': Operation not permitted
rm: cannot remove '/tmp/pyright-664806-Nik54JEKx6pj': Operation not permitted
rm: cannot remove '/tmp/pyright-664897-4XmzUbEG6TXQ': Operation not permitted
rm: cannot remove '/tmp/pyright-664993-P4eTzGYipGPZ': Operation not permitted
rm: cannot remove '/tmp/pyright-665096-XZlKZwUv43Ti': Operation not permitted
rm: cannot remove '/tmp/pyright-665210-Cm8OfVTmitWW': Operation not permitted
rm: cannot remove '/tmp/pyright-665313-gBQyEkw6ONT4': Operation not permitted
rm: cannot remove '/tmp/pyright-665408-9y406DHZbo17': Operation not permitted
rm: cannot remove '/tmp/pyright-665694-5L75YWckz0jt': Operation not permitted
rm: cannot remove '/tmp/pyright-665785-rAi1KdIBhhWZ': Operation not permitted
rm: cannot remove '/tmp/pyright-667051-bQ26k4EOA3wE': Operation not permitted
rm: cannot remove '/tmp/pyright-66744-MxGewiGESXKC': Operation not permitted
rm: cannot remove '/tmp/pyright-669321-HrVQfXDl36mv': Operation not permitted
rm: cannot remove '/tmp/pyright-673801-piMaYghUVrZW': Operation not permitted
rm: cannot remove '/tmp/pyright-677057-w6L2XMHb5127': Operation not permitted
rm: cannot remove '/tmp/pyright-677261-Sht2l9bLg0h0': Operation not permitted
rm: cannot remove '/tmp/pyright-67729-9MsHOPNF0Gt1': Operation not permitted
rm: cannot remove '/tmp/pyright-68430-LzsihXXY5u1s': Operation not permitted
rm: cannot remove '/tmp/pyright-69695-stRFGZ3URz1Z': Operation not permitted
rm: cannot remove '/tmp/pyright-71202-sg7MASlq8DoR': Operation not permitted
rm: cannot remove '/tmp/pyright-72280-1jAVP2apK1A8': Operation not permitted
rm: cannot remove '/tmp/pyright-74210-AiRMoO6iT47h': Operation not permitted
rm: cannot remove '/tmp/pyright-75140-MoejiDsZEDZB': Operation not permitted
rm: cannot remove '/tmp/pyright-76304-Bc26osouQuMK': Operation not permitted
rm: cannot remove '/tmp/pyright-78277-tS9U3YRqOO80': Operation not permitted
rm: cannot remove '/tmp/pyright-78325-JsId12X6pU7X': Operation not permitted
rm: cannot remove '/tmp/pyright-80005-2xR4xOqhlvb0': Operation not permitted
rm: cannot remove '/tmp/pyright-80697-MmPJp7OuaL12': Operation not permitted
rm: cannot remove '/tmp/pyright-8100-P7ky9aCjA8hD': Operation not permitted
rm: cannot remove '/tmp/pyright-81756-BtFem4KFkt0B': Operation not permitted
rm: cannot remove '/tmp/pyright-82713-fPLkkuYRgZ7q': Operation not permitted
rm: cannot remove '/tmp/pyright-83662-8AHhD1F7o4Tn': Operation not permitted
rm: cannot remove '/tmp/pyright-86240-5aa95PHnPEcu': Operation not permitted
rm: cannot remove '/tmp/pyright-88817-sKQ6ZoYW43ev': Operation not permitted
rm: cannot remove '/tmp/pyright-91259-qalMcONvGmpq': Operation not permitted
rm: cannot remove '/tmp/pyright-91965-ECBdPPzbvois': Operation not permitted
rm: cannot remove '/tmp/pyright-93836-BREjwI7hniXO': Operation not permitted
rm: cannot remove '/tmp/pyright-96583-gOsAklD94ZKy': Operation not permitted
rm: cannot remove '/tmp/pyright-99063-f9BKsc3tbpxW': Operation not permitted
rm: cannot remove '/tmp/pyright-99426-8az9t1MXuCNi': Operation not permitted
rm: cannot remove '/tmp/snap-private-tmp': Operation not permitted
rm: cannot remove '/tmp/systemd-private-4314f5f757e4484d9e218b8ccfe5323a-ModemManager.service-CeB8FA': Operation not permitted
rm: cannot remove '/tmp/systemd-private-4314f5f757e4484d9e218b8ccfe5323a-colord.service-b7pHiW': Operation not permitted
rm: cannot remove '/tmp/systemd-private-4314f5f757e4484d9e218b8ccfe5323a-power-profiles-daemon.service-s3RFu9': Operation not permitted
rm: cannot remove '/tmp/systemd-private-4314f5f757e4484d9e218b8ccfe5323a-switcheroo-control.service-Pw9GUF': Operation not permitted
rm: cannot remove '/tmp/systemd-private-4314f5f757e4484d9e218b8ccfe5323a-systemd-logind.service-lBNENp': Operation not permitted
rm: cannot remove '/tmp/systemd-private-4314f5f757e4484d9e218b8ccfe5323a-systemd-oomd.service-TW0JAv': Operation not permitted
rm: cannot remove '/tmp/systemd-private-4314f5f757e4484d9e218b8ccfe5323a-systemd-resolved.service-1hz5iy': Operation not permitted
rm: cannot remove '/tmp/systemd-private-4314f5f757e4484d9e218b8ccfe5323a-systemd-timesyncd.service-nBeM5b': Operation not permitted
rm: cannot remove '/tmp/systemd-private-4314f5f757e4484d9e218b8ccfe5323a-upower.service-O7TXyw': Operation not permitted
rm: cannot remove '/tmp/tmpovam2r2e_kernels': Operation not permitted
rm: cannot remove '/tmp/uv-b17927aca3d28934.lock': Operation not permitted
rm: cannot remove '/tmp/vscode-typescript1001': Operation not permitted
rm: cannot remove '/tmp/vscode-typescript1003': Operation not permitted
rm: cannot remove '/tmp/xvfb-run.isKTik': Operation not permitted
rm: cannot remove '/tmp/yeyun-code-zsh': Operation not permitted
INFO:    If error was from fakeroot, try --ignore-fakeroot-command and
INFO:      maybe use fakeroot inside the %post section as described at
INFO:      https://apptainer.org/docs/user/latest/fakeroot.html#fakeroot-inside-def
FATAL:   While performing build: while running engine: while running %post section: exit status 1
